[INFO] Scanning for projects...
[INFO] 
[INFO] ----------------< com.automation:playwright-framework >-----------------
[INFO] Building  0.0.1-SNAPSHOT
[INFO]   from pom.xml
[INFO] --------------------------------[ jar ]---------------------------------
[INFO] 
[INFO] >>> spring-boot:4.0.6:run (default-cli) > test-compile @ playwright-framework >>>
[INFO] 
[INFO] --- resources:3.3.1:resources (default-resources) @ playwright-framework ---
[INFO] Copying 1 resource from src\main\resources to target\classes
[INFO] Copying 2 resources from src\main\resources to target\classes
[INFO] 
[INFO] --- compiler:3.14.1:compile (default-compile) @ playwright-framework ---
[INFO] Nothing to compile - all classes are up to date.
[INFO] 
[INFO] --- resources:3.3.1:testResources (default-testResources) @ playwright-framework ---
[INFO] Copying 5 resources from src\test\resources to target\test-classes
[INFO] 
[INFO] --- compiler:3.14.1:testCompile (default-testCompile) @ playwright-framework ---
[INFO] Nothing to compile - all classes are up to date.
[INFO] 
[INFO] <<< spring-boot:4.0.6:run (default-cli) < test-compile @ playwright-framework <<<
[INFO] 
[INFO] 
[INFO] --- spring-boot:4.0.6:run (default-cli) @ playwright-framework ---
[INFO] Attaching agents: []

  .   ____          _            __ _ _
 /\\ / ___'_ __ _ _(_)_ __  __ _ \ \ \ \
( ( )\___ | '_ | '_| | '_ \/ _` | \ \ \ \
 \\/  ___)| |_)| | | | | || (_| |  ) ) ) )
  '  |____| .__|_| |_|_| |_\__, | / / / /
 =========|_|==============|___/=/_/_/_/

 :: Spring Boot ::                (v4.0.6)

2026-06-11T11:17:48.650+05:30  INFO 11320 --- [playwright-framework] [  restartedMain] c.a.p.PlaywrightFrameworkApplication     : Starting PlaywrightFrameworkApplication using Java 21.0.8 with PID 11320 (D:\Mohan\play-wright\target\classes started by mabis in D:\Mohan\play-wright)
2026-06-11T11:17:48.653+05:30  INFO 11320 --- [playwright-framework] [  restartedMain] c.a.p.PlaywrightFrameworkApplication     : No active profile set, falling back to 1 default profile: "default"
2026-06-11T11:17:48.654+05:30 DEBUG 11320 --- [playwright-framework] [  restartedMain] o.s.boot.SpringApplication               : Loading source class com.automation.playwright_framework.PlaywrightFrameworkApplication
2026-06-11T11:17:48.857+05:30 DEBUG 11320 --- [playwright-framework] [  restartedMain] o.s.b.devtools.restart.ChangeableUrls    : Matching URLs for reloading : [file:/D:/Mohan/play-wright/target/classes/]
2026-06-11T11:17:48.858+05:30 DEBUG 11320 --- [playwright-framework] [  restartedMain] o.s.b.d.settings.DevToolsSettings        : Included patterns for restart : []
2026-06-11T11:17:48.858+05:30 DEBUG 11320 --- [playwright-framework] [  restartedMain] o.s.b.d.settings.DevToolsSettings        : Excluded patterns for restart : [/spring-boot-starter-[\w-]+/, /spring-boot/(bin|build|out)/, /spring-boot-starter/(bin|build|out)/, /spring-boot-devtools/(bin|build|out)/, /spring-boot-actuator/(bin|build|out)/, /spring-boot-autoconfigure/(bin|build|out)/]
2026-06-11T11:17:48.858+05:30  INFO 11320 --- [playwright-framework] [  restartedMain] .e.DevToolsPropertyDefaultsPostProcessor : Devtools property defaults active! Set 'spring.devtools.add-properties' to 'false' to disable
2026-06-11T11:17:48.858+05:30  INFO 11320 --- [playwright-framework] [  restartedMain] .e.DevToolsPropertyDefaultsPostProcessor : For additional web related logging consider setting the 'logging.level.web' property to 'DEBUG'
2026-06-11T11:17:48.859+05:30 DEBUG 11320 --- [playwright-framework] [  restartedMain] ConfigServletWebServerApplicationContext : Refreshing org.springframework.boot.web.server.servlet.context.AnnotationConfigServletWebServerApplicationContext@62f52af5
2026-06-11T11:17:49.703+05:30 DEBUG 11320 --- [playwright-framework] [  restartedMain] o.s.b.t.s.TomcatServletWebServerFactory  : Code archive: C:\Users\mabis\.m2\repository\org\springframework\boot\spring-boot-web-server\4.0.6\spring-boot-web-server-4.0.6.jar
2026-06-11T11:17:49.703+05:30 DEBUG 11320 --- [playwright-framework] [  restartedMain] o.s.b.t.s.TomcatServletWebServerFactory  : Code archive: C:\Users\mabis\.m2\repository\org\springframework\boot\spring-boot-web-server\4.0.6\spring-boot-web-server-4.0.6.jar
2026-06-11T11:17:49.704+05:30 DEBUG 11320 --- [playwright-framework] [  restartedMain] o.s.b.t.s.TomcatServletWebServerFactory  : None of the document roots [src/main/webapp, public, static] point to a directory and will be ignored.
2026-06-11T11:17:49.756+05:30  INFO 11320 --- [playwright-framework] [  restartedMain] o.s.boot.tomcat.TomcatWebServer          : Tomcat initialized with port 8080 (http)
2026-06-11T11:17:49.771+05:30  INFO 11320 --- [playwright-framework] [  restartedMain] o.apache.catalina.core.StandardService   : Starting service [Tomcat]
2026-06-11T11:17:49.771+05:30  INFO 11320 --- [playwright-framework] [  restartedMain] o.apache.catalina.core.StandardEngine    : Starting Servlet engine: [Apache Tomcat/11.0.21]
2026-06-11T11:17:49.810+05:30 DEBUG 11320 --- [playwright-framework] [  restartedMain] b.w.c.s.WebApplicationContextInitializer : Published root WebApplicationContext as ServletContext attribute with name [org.springframework.web.context.WebApplicationContext.ROOT]
2026-06-11T11:17:49.811+05:30  INFO 11320 --- [playwright-framework] [  restartedMain] b.w.c.s.WebApplicationContextInitializer : Root WebApplicationContext: initialization completed in 952 ms
2026-06-11T11:17:49.826+05:30 DEBUG 11320 --- [playwright-framework] [  restartedMain] o.s.b.w.s.ServletContextInitializerBeans : Mapping filters: characterEncodingFilter urls=[/*] order=-2147483648, formContentFilter urls=[/*] order=-9900, requestContextFilter urls=[/*] order=-105
2026-06-11T11:17:49.826+05:30 DEBUG 11320 --- [playwright-framework] [  restartedMain] o.s.b.w.s.ServletContextInitializerBeans : Mapping servlets: dispatcherServlet urls=[/]
2026-06-11T11:17:49.844+05:30 DEBUG 11320 --- [playwright-framework] [  restartedMain] o.s.b.s.f.OrderedRequestContextFilter    : Filter 'requestContextFilter' configured for use
2026-06-11T11:17:49.846+05:30 DEBUG 11320 --- [playwright-framework] [  restartedMain] o.s.b.s.f.OrderedCharacterEncodingFilter : Filter 'characterEncodingFilter' configured for use
2026-06-11T11:17:49.846+05:30 DEBUG 11320 --- [playwright-framework] [  restartedMain] o.s.b.s.filter.OrderedFormContentFilter  : Filter 'formContentFilter' configured for use
2026-06-11T11:17:50.013+05:30 DEBUG 11320 --- [playwright-framework] [  restartedMain] o.s.b.a.AutoConfigurationPackages        : @EnableAutoConfiguration was declared on a class in the package 'com.automation.playwright_framework'. Automatic @Repository and @Entity scanning is enabled.
2026-06-11T11:17:50.080+05:30 DEBUG 11320 --- [playwright-framework] [  restartedMain] s.w.s.m.m.a.RequestMappingHandlerMapping : 4 mappings in 'requestMappingHandlerMapping'
2026-06-11T11:17:50.097+05:30 DEBUG 11320 --- [playwright-framework] [  restartedMain] o.s.w.s.handler.SimpleUrlHandlerMapping  : Patterns [/webjars/**, /**] in 'resourceHandlerMapping'
2026-06-11T11:17:50.115+05:30 DEBUG 11320 --- [playwright-framework] [  restartedMain] s.w.s.m.m.a.RequestMappingHandlerAdapter : ControllerAdvice beans: 0 @ModelAttribute, 0 @InitBinder, 2 RequestBodyAdvice, 1 ResponseBodyAdvice
2026-06-11T11:17:50.162+05:30 DEBUG 11320 --- [playwright-framework] [  restartedMain] .m.m.a.ExceptionHandlerExceptionResolver : ControllerAdvice beans: 0 @ExceptionHandler, 1 ResponseBodyAdvice
2026-06-11T11:17:50.230+05:30  INFO 11320 --- [playwright-framework] [  restartedMain] o.s.boot.tomcat.TomcatWebServer          : Tomcat started on port 8080 (http) with context path '/'
2026-06-11T11:17:50.236+05:30 DEBUG 11320 --- [playwright-framework] [  restartedMain] .s.b.a.l.ConditionEvaluationReportLogger : 


============================
CONDITIONS EVALUATION REPORT
============================


Positive matches:
-----------------

   AopAutoConfiguration matched:
      - @ConditionalOnBooleanProperty (spring.aop.auto=true) matched (OnPropertyCondition)

   AopAutoConfiguration.AspectJAutoProxyingConfiguration matched:
      - @ConditionalOnClass found required class 'org.aspectj.weaver.Advice' (OnClassCondition)

   AopAutoConfiguration.AspectJAutoProxyingConfiguration.CglibAutoProxyConfiguration matched:
      - @ConditionalOnBooleanProperty (spring.aop.proxy-target-class=true) matched (OnPropertyCondition)

   ApplicationAvailabilityAutoConfiguration#applicationAvailability matched:
      - @ConditionalOnMissingBean (types: org.springframework.boot.availability.ApplicationAvailability; SearchStrategy: all) did not find any beans (OnBeanCondition)

   DataWebAutoConfiguration matched:
      - @ConditionalOnClass found required classes 'org.springframework.data.web.PageableHandlerMethodArgumentResolver', 'org.springframework.web.servlet.config.annotation.WebMvcConfigurer' (OnClassCondition)
      - found 'session' scope (OnWebApplicationCondition)
      - @ConditionalOnMissingBean (types: org.springframework.data.web.PageableHandlerMethodArgumentResolver; SearchStrategy: all) did not find any beans (OnBeanCondition)

   DataWebAutoConfiguration#pageableCustomizer matched:
      - @ConditionalOnMissingBean (types: org.springframework.data.web.config.PageableHandlerMethodArgumentResolverCustomizer; SearchStrategy: all) did not find any beans (OnBeanCondition)

   DataWebAutoConfiguration#sortCustomizer matched:
      - @ConditionalOnMissingBean (types: org.springframework.data.web.config.SortHandlerMethodArgumentResolverCustomizer; SearchStrategy: all) did not find any beans (OnBeanCondition)

   DataWebAutoConfiguration#springDataWebSettings matched:
      - @ConditionalOnMissingBean (types: org.springframework.data.web.config.SpringDataWebSettings; SearchStrategy: all) did not find any beans (OnBeanCondition)

   DispatcherServletAutoConfiguration matched:
      - @ConditionalOnClass found required class 'org.springframework.web.servlet.DispatcherServlet' (OnClassCondition)
      - found 'session' scope (OnWebApplicationCondition)

   DispatcherServletAutoConfiguration.DispatcherServletConfiguration matched:
      - @ConditionalOnClass found required class 'jakarta.servlet.ServletRegistration' (OnClassCondition)
      - Default DispatcherServlet did not find dispatcher servlet beans (DispatcherServletAutoConfiguration.DefaultDispatcherServletCondition)

   DispatcherServletAutoConfiguration.DispatcherServletRegistrationConfiguration matched:
      - @ConditionalOnClass found required class 'jakarta.servlet.ServletRegistration' (OnClassCondition)
      - DispatcherServlet Registration did not find servlet registration bean (DispatcherServletAutoConfiguration.DispatcherServletRegistrationCondition)

   DispatcherServletAutoConfiguration.DispatcherServletRegistrationConfiguration#dispatcherServletRegistration matched:
      - @ConditionalOnBean (names: dispatcherServlet types: org.springframework.web.servlet.DispatcherServlet; SearchStrategy: all) found bean 'dispatcherServlet' (OnBeanCondition)

   ErrorMvcAutoConfiguration matched:
      - @ConditionalOnClass found required classes 'jakarta.servlet.Servlet', 'org.springframework.web.servlet.DispatcherServlet' (OnClassCondition)
      - found 'session' scope (OnWebApplicationCondition)

   ErrorMvcAutoConfiguration#basicErrorController matched:
      - @ConditionalOnMissingBean (types: org.springframework.boot.webmvc.error.ErrorController; SearchStrategy: current) did not find any beans (OnBeanCondition)

   ErrorMvcAutoConfiguration#errorAttributes matched:
      - @ConditionalOnMissingBean (types: org.springframework.boot.webmvc.error.ErrorAttributes; SearchStrategy: current) did not find any beans (OnBeanCondition)

   ErrorMvcAutoConfiguration.DefaultErrorViewResolverConfiguration#conventionErrorViewResolver matched:
      - @ConditionalOnBean (types: org.springframework.web.servlet.DispatcherServlet; SearchStrategy: all) found bean 'dispatcherServlet'; @ConditionalOnMissingBean (types: org.springframework.boot.webmvc.autoconfigure.error.ErrorViewResolver; SearchStrategy: all) did not find any beans (OnBeanCondition)

   ErrorMvcAutoConfiguration.WhitelabelErrorViewConfiguration matched:
      - @ConditionalOnBooleanProperty (spring.web.error.whitelabel.enabled=true) matched (OnPropertyCondition)
      - ErrorTemplate Missing did not find error template view (ErrorMvcAutoConfiguration.ErrorTemplateMissingCondition)

   ErrorMvcAutoConfiguration.WhitelabelErrorViewConfiguration#beanNameViewResolver matched:
      - @ConditionalOnMissingBean (types: org.springframework.web.servlet.view.BeanNameViewResolver; SearchStrategy: all) did not find any beans (OnBeanCondition)

   ErrorMvcAutoConfiguration.WhitelabelErrorViewConfiguration#defaultErrorView matched:
      - @ConditionalOnMissingBean (names: error; SearchStrategy: all) did not find any beans (OnBeanCondition)

   GsonHttpMessageConvertersConfiguration matched:
      - @ConditionalOnClass found required class 'com.google.gson.Gson' (OnClassCondition)

   HttpEncodingAutoConfiguration matched:
      - @ConditionalOnClass found required class 'org.springframework.web.filter.CharacterEncodingFilter' (OnClassCondition)
      - found 'session' scope (OnWebApplicationCondition)
      - @ConditionalOnBooleanProperty (spring.servlet.encoding.enabled=true) matched (OnPropertyCondition)

   HttpEncodingAutoConfiguration#characterEncodingFilter matched:
      - @ConditionalOnMissingBean (types: org.springframework.web.filter.CharacterEncodingFilter; SearchStrategy: all) did not find any beans (OnBeanCondition)

   HttpMessageConvertersAutoConfiguration matched:
      - @ConditionalOnClass found required class 'org.springframework.http.converter.HttpMessageConverter' (OnClassCondition)
      - NoneNestedConditions 0 matched 1 did not; NestedCondition on HttpMessageConvertersAutoConfiguration.NotReactiveWebApplicationCondition.ReactiveWebApplication did not find reactive web application classes (HttpMessageConvertersAutoConfiguration.NotReactiveWebApplicationCondition)

   HttpMessageConvertersAutoConfiguration.StringHttpMessageConverterConfiguration#stringHttpMessageConvertersCustomizer matched:
      - @ConditionalOnMissingBean (types: org.springframework.http.converter.StringHttpMessageConverter; SearchStrategy: all) did not find any beans (OnBeanCondition)

   JacksonAutoConfiguration matched:
      - @ConditionalOnClass found required class 'tools.jackson.databind.json.JsonMapper' (OnClassCondition)

   JacksonAutoConfiguration#jacksonJsonMapper matched:
      - @ConditionalOnMissingBean (types: tools.jackson.databind.json.JsonMapper; SearchStrategy: all) did not find any beans (OnBeanCondition)

   JacksonAutoConfiguration#jsonMapperBuilder matched:
      - @ConditionalOnMissingBean (types: tools.jackson.databind.json.JsonMapper$Builder; SearchStrategy: all) did not find any beans (OnBeanCondition)

   JacksonAutoConfiguration.JsonProblemDetailsConfiguration matched:
      - @ConditionalOnClass found required class 'org.springframework.http.ProblemDetail' (OnClassCondition)

   JacksonHttpMessageConvertersConfiguration.JacksonJsonHttpMessageConverterConfiguration matched:
      - @ConditionalOnClass found required class 'tools.jackson.databind.json.JsonMapper' (OnClassCondition)
      - @ConditionalOnProperty (spring.http.converters.preferred-json-mapper=jackson) matched (OnPropertyCondition)
      - @ConditionalOnBean (types: tools.jackson.databind.json.JsonMapper; SearchStrategy: all) found bean 'jacksonJsonMapper' (OnBeanCondition)

   JacksonHttpMessageConvertersConfiguration.JacksonJsonHttpMessageConverterConfiguration#jacksonJsonHttpMessageConvertersCustomizer matched:
      - @ConditionalOnMissingBean (types: org.springframework.http.converter.json.JacksonJsonHttpMessageConverter ignored: org.springframework.hateoas.server.mvc.TypeConstrainedJacksonJsonHttpMessageConverter,org.springframework.data.rest.webmvc.alps.AlpsJacksonJsonHttpMessageConverter; SearchStrategy: all) did not find any beans (OnBeanCondition)

   JtaAutoConfiguration matched:
      - @ConditionalOnClass found required class 'jakarta.transaction.Transaction' (OnClassCondition)
      - @ConditionalOnBooleanProperty (spring.jta.enabled=true) matched (OnPropertyCondition)

   LifecycleAutoConfiguration#defaultLifecycleProcessor matched:
      - @ConditionalOnMissingBean (names: lifecycleProcessor; SearchStrategy: current) did not find any beans (OnBeanCondition)

   LocalDevToolsAutoConfiguration matched:
      - Initialized Restarter Condition available and initialized (OnInitializedRestarterCondition)

   LocalDevToolsAutoConfiguration.RestartConfiguration matched:
      - @ConditionalOnBooleanProperty (spring.devtools.restart.enabled=true) matched (OnPropertyCondition)

   LocalDevToolsAutoConfiguration.RestartConfiguration#classPathFileSystemWatcher matched:
      - @ConditionalOnMissingBean (types: org.springframework.boot.devtools.classpath.ClassPathFileSystemWatcher; SearchStrategy: all) did not find any beans (OnBeanCondition)

   LocalDevToolsAutoConfiguration.RestartConfiguration#classPathRestartStrategy matched:
      - @ConditionalOnMissingBean (types: org.springframework.boot.devtools.classpath.ClassPathRestartStrategy; SearchStrategy: all) did not find any beans (OnBeanCondition)

   LocalDevToolsAutoConfiguration.RestartConfiguration#conditionEvaluationDeltaLoggingListener matched:
      - @ConditionalOnBooleanProperty (spring.devtools.restart.log-condition-evaluation-delta=true) matched (OnPropertyCondition)

   MultipartAutoConfiguration matched:
      - @ConditionalOnClass found required classes 'jakarta.servlet.Servlet', 'org.springframework.web.multipart.support.StandardServletMultipartResolver', 'jakarta.servlet.MultipartConfigElement' (OnClassCondition)
      - found 'session' scope (OnWebApplicationCondition)
      - @ConditionalOnBooleanProperty (spring.servlet.multipart.enabled=true) matched (OnPropertyCondition)

   MultipartAutoConfiguration#multipartConfigElement matched:
      - @ConditionalOnMissingBean (types: jakarta.servlet.MultipartConfigElement; SearchStrategy: all) did not find any beans (OnBeanCondition)

   MultipartAutoConfiguration#multipartResolver matched:
      - @ConditionalOnMissingBean (types: org.springframework.web.multipart.MultipartResolver; SearchStrategy: all) did not find any beans (OnBeanCondition)

   PersistenceExceptionTranslationAutoConfiguration matched:
      - @ConditionalOnClass found required class 'org.springframework.dao.annotation.PersistenceExceptionTranslationPostProcessor' (OnClassCondition)

   PersistenceExceptionTranslationAutoConfiguration#persistenceExceptionTranslationPostProcessor matched:
      - @ConditionalOnBooleanProperty (spring.persistence.exceptiontranslation.enabled=true) matched (OnPropertyCondition)
      - @ConditionalOnMissingBean (types: org.springframework.dao.annotation.PersistenceExceptionTranslationPostProcessor; SearchStrategy: all) did not find any beans (OnBeanCondition)

   PropertyPlaceholderAutoConfiguration#propertySourcesPlaceholderConfigurer matched:
      - @ConditionalOnMissingBean (types: org.springframework.context.support.PropertySourcesPlaceholderConfigurer; SearchStrategy: current) did not find any beans (OnBeanCondition)

   SslAutoConfiguration#sslBundleRegistry matched:
      - @ConditionalOnMissingBean (types: org.springframework.boot.ssl.SslBundleRegistry,org.springframework.boot.ssl.SslBundles; SearchStrategy: all) did not find any beans (OnBeanCondition)

   TaskExecutionAutoConfiguration matched:
      - @ConditionalOnClass found required class 'org.springframework.scheduling.concurrent.ThreadPoolTaskExecutor' (OnClassCondition)

   TaskExecutorConfigurations.AsyncConfigurerConfiguration matched:
      - @ConditionalOnMissingBean (types: org.springframework.scheduling.annotation.AsyncConfigurer; SearchStrategy: all) did not find any beans (OnBeanCondition)

   TaskExecutorConfigurations.SimpleAsyncTaskExecutorBuilderConfiguration#simpleAsyncTaskExecutorBuilder matched:
      - @ConditionalOnMissingBean (types: org.springframework.boot.task.SimpleAsyncTaskExecutorBuilder; SearchStrategy: all) did not find any beans (OnBeanCondition)
      - @ConditionalOnThreading found PLATFORM (OnThreadingCondition)

   TaskExecutorConfigurations.TaskExecutorConfiguration matched:
      - AnyNestedCondition 1 matched 1 did not; NestedCondition on TaskExecutorConfigurations.OnExecutorCondition.ModelCondition @ConditionalOnProperty (spring.task.execution.mode=force) did not find property 'spring.task.execution.mode'; NestedCondition on TaskExecutorConfigurations.OnExecutorCondition.ExecutorBeanCondition @ConditionalOnMissingBean (types: java.util.concurrent.Executor; SearchStrategy: all) did not find any beans (TaskExecutorConfigurations.OnExecutorCondition)

   TaskExecutorConfigurations.TaskExecutorConfiguration#applicationTaskExecutor matched:
      - @ConditionalOnThreading found PLATFORM (OnThreadingCondition)

   TaskExecutorConfigurations.ThreadPoolTaskExecutorBuilderConfiguration#threadPoolTaskExecutorBuilder matched:
      - @ConditionalOnMissingBean (types: org.springframework.boot.task.ThreadPoolTaskExecutorBuilder; SearchStrategy: all) did not find any beans (OnBeanCondition)

   TaskSchedulingAutoConfiguration matched:
      - @ConditionalOnClass found required class 'org.springframework.scheduling.concurrent.ThreadPoolTaskScheduler' (OnClassCondition)

   TaskSchedulingConfigurations.SimpleAsyncTaskSchedulerBuilderConfiguration#simpleAsyncTaskSchedulerBuilder matched:
      - @ConditionalOnMissingBean (types: org.springframework.boot.task.SimpleAsyncTaskSchedulerBuilder; SearchStrategy: all) did not find any beans (OnBeanCondition)
      - @ConditionalOnThreading found PLATFORM (OnThreadingCondition)

   TaskSchedulingConfigurations.ThreadPoolTaskSchedulerBuilderConfiguration#threadPoolTaskSchedulerBuilder matched:
      - @ConditionalOnMissingBean (types: org.springframework.boot.task.ThreadPoolTaskSchedulerBuilder; SearchStrategy: all) did not find any beans (OnBeanCondition)

   TomcatServletWebServerAutoConfiguration matched:
      - @ConditionalOnClass found required classes 'jakarta.servlet.ServletRequest', 'org.apache.catalina.startup.Tomcat', 'org.apache.coyote.UpgradeProtocol', 'org.springframework.boot.tomcat.servlet.TomcatServletWebServerFactory' (OnClassCondition)
      - found 'session' scope (OnWebApplicationCondition)

   TomcatServletWebServerAutoConfiguration#tomcatServletWebServerFactory matched:
      - @ConditionalOnMissingBean (types: org.springframework.boot.web.server.servlet.ServletWebServerFactory; SearchStrategy: current) did not find any beans (OnBeanCondition)

   TomcatWebServerConfiguration matched:
      - @ConditionalOnWarDeployment the application is not deployed as a WAR file. (OnWarDeploymentCondition)

   TomcatWebServerConfiguration.TomcatWebSocketConfiguration matched:
      - @ConditionalOnClass found required class 'org.apache.tomcat.websocket.server.WsSci' (OnClassCondition)

   TransactionAutoConfiguration matched:
      - @ConditionalOnClass found required class 'org.springframework.transaction.PlatformTransactionManager' (OnClassCondition)

   TransactionManagerCustomizationAutoConfiguration matched:
      - @ConditionalOnClass found required class 'org.springframework.transaction.PlatformTransactionManager' (OnClassCondition)

   TransactionManagerCustomizationAutoConfiguration#platformTransactionManagerCustomizers matched:
      - @ConditionalOnMissingBean (types: org.springframework.boot.transaction.autoconfigure.TransactionManagerCustomizers; SearchStrategy: all) did not find any beans (OnBeanCondition)

   ValidationAutoConfiguration matched:
      - @ConditionalOnClass found required class 'jakarta.validation.executable.ExecutableValidator' (OnClassCondition)
      - @ConditionalOnResource found location classpath:META-INF/services/jakarta.validation.spi.ValidationProvider (OnResourceCondition)

   ValidationAutoConfiguration#defaultValidator matched:
      - @ConditionalOnMissingBean (types: jakarta.validation.Validator; SearchStrategy: all) did not find any beans (OnBeanCondition)

   ValidationAutoConfiguration#methodValidationPostProcessor matched:
      - @ConditionalOnMissingBean (types: org.springframework.validation.beanvalidation.MethodValidationPostProcessor; SearchStrategy: current) did not find any beans (OnBeanCondition)

   WebMvcAutoConfiguration matched:
      - @ConditionalOnClass found required classes 'jakarta.servlet.Servlet', 'org.springframework.web.servlet.DispatcherServlet', 'org.springframework.web.servlet.config.annotation.WebMvcConfigurer' (OnClassCondition)
      - found 'session' scope (OnWebApplicationCondition)
      - @ConditionalOnMissingBean (types: org.springframework.web.servlet.config.annotation.WebMvcConfigurationSupport; SearchStrategy: all) did not find any beans (OnBeanCondition)

   WebMvcAutoConfiguration#formContentFilter matched:
      - @ConditionalOnBooleanProperty (spring.mvc.formcontent.filter.enabled=true) matched (OnPropertyCondition)
      - @ConditionalOnMissingBean (types: org.springframework.web.filter.FormContentFilter; SearchStrategy: all) did not find any beans (OnBeanCondition)

   WebMvcAutoConfiguration.EnableWebMvcConfiguration#flashMapManager matched:
      - @ConditionalOnMissingBean (names: flashMapManager; SearchStrategy: all) did not find any beans (OnBeanCondition)

   WebMvcAutoConfiguration.EnableWebMvcConfiguration#localeResolver matched:
      - @ConditionalOnMissingBean (names: localeResolver; SearchStrategy: all) did not find any beans (OnBeanCondition)

   WebMvcAutoConfiguration.EnableWebMvcConfiguration#viewNameTranslator matched:
      - @ConditionalOnMissingBean (names: viewNameTranslator; SearchStrategy: all) did not find any beans (OnBeanCondition)

   WebMvcAutoConfiguration.WebMvcAutoConfigurationAdapter#defaultViewResolver matched:
      - @ConditionalOnMissingBean (types: org.springframework.web.servlet.view.InternalResourceViewResolver; SearchStrategy: all) did not find any beans (OnBeanCondition)

   WebMvcAutoConfiguration.WebMvcAutoConfigurationAdapter#requestContextFilter matched:
      - @ConditionalOnMissingBean (types: org.springframework.web.context.request.RequestContextListener,org.springframework.web.filter.RequestContextFilter; SearchStrategy: all) did not find any beans (OnBeanCondition)

   WebMvcAutoConfiguration.WebMvcAutoConfigurationAdapter#viewResolver matched:
      - @ConditionalOnBean (types: org.springframework.web.servlet.ViewResolver; SearchStrategy: all) found beans 'defaultViewResolver', 'beanNameViewResolver', 'mvcViewResolver'; @ConditionalOnMissingBean (names: viewResolver types: org.springframework.web.servlet.view.ContentNegotiatingViewResolver; SearchStrategy: all) did not find any beans (OnBeanCondition)


Negative matches:
-----------------

   AopAutoConfiguration.AspectJAutoProxyingConfiguration.JdkDynamicAutoProxyConfiguration:
      Did not match:
         - @ConditionalOnBooleanProperty (spring.aop.proxy-target-class=false) did not find property 'spring.aop.proxy-target-class' (OnPropertyCondition)

   AopAutoConfiguration.ClassProxyingConfiguration:
      Did not match:
         - @ConditionalOnMissingClass found unwanted class 'org.aspectj.weaver.Advice' (OnClassCondition)

   DataJpaRepositoriesAutoConfiguration:
      Did not match:
         - @ConditionalOnBean (types: javax.sql.DataSource; SearchStrategy: all) did not find any beans of type javax.sql.DataSource (OnBeanCondition)
      Matched:
         - @ConditionalOnClass found required class 'org.springframework.data.jpa.repository.JpaRepository' (OnClassCondition)
         - @ConditionalOnBooleanProperty (spring.data.jpa.repositories.enabled=true) matched (OnPropertyCondition)

   DataRepositoryMetricsAutoConfiguration:
      Did not match:
         - @ConditionalOnBean did not find required type 'io.micrometer.core.instrument.MeterRegistry' (OnBeanCondition)

   DataSourceHealthContributorAutoConfiguration:
      Did not match:
         - @ConditionalOnClass did not find required class 'org.springframework.boot.health.autoconfigure.contributor.ConditionalOnEnabledHealthIndicator' (OnClassCondition)

   DataSourceInitializationAutoConfiguration:
      Did not match:
         - @ConditionalOnSingleCandidate (types: javax.sql.DataSource; SearchStrategy: all) did not find any beans (OnBeanCondition)
      Matched:
         - @ConditionalOnClass found required class 'org.springframework.jdbc.datasource.init.DatabasePopulator' (OnClassCondition)
         - SQL InitializationDatabase Initialization default value is EMBEDDED (OnSqlInitializationCondition)

   DataSourcePoolMetricsAutoConfiguration:
      Did not match:
         - @ConditionalOnClass did not find required class 'io.micrometer.core.instrument.MeterRegistry' (OnClassCondition)

   DevToolsDataSourceAutoConfiguration:
      Did not match:
         - DevTools DataSource Condition did not find a single DataSource bean (DevToolsDataSourceAutoConfiguration.DevToolsDataSourceCondition)
      Matched:
         - @ConditionalOnClass found required class 'javax.sql.DataSource' (OnClassCondition)
         - Devtools devtools enabled. (OnEnabledDevToolsCondition)

   DevToolsDataSourceAutoConfiguration.DatabaseShutdownExecutorEntityManagerFactoryDependsOnConfiguration:
      Did not match:
         - Ancestor org.springframework.boot.devtools.autoconfigure.DevToolsDataSourceAutoConfiguration did not match (ConditionEvaluationReport.AncestorsMatchedCondition)
      Matched:
         - @ConditionalOnClass found required classes 'org.springframework.boot.jpa.autoconfigure.EntityManagerFactoryDependsOnPostProcessor', 'org.springframework.orm.jpa.LocalContainerEntityManagerFactoryBean' (OnClassCondition)

   DevToolsR2dbcAutoConfiguration:
      Did not match:
         - @ConditionalOnClass did not find required class 'io.r2dbc.spi.ConnectionFactory' (OnClassCondition)

   DispatcherServletAutoConfiguration.DispatcherServletConfiguration#multipartResolver:
      Did not match:
         - @ConditionalOnBean (types: org.springframework.web.multipart.MultipartResolver; SearchStrategy: all) did not find any beans of type org.springframework.web.multipart.MultipartResolver (OnBeanCondition)

   GsonHttpMessageConvertersConfiguration.GsonHttpMessageConverterConfiguration:
      Did not match:
         - AnyNestedCondition 0 matched 2 did not; NestedCondition on GsonHttpMessageConvertersConfiguration.PreferGsonOrJacksonAndJsonbUnavailableCondition.JacksonJsonbUnavailable NoneNestedConditions 1 matched 2 did not; NestedCondition on GsonHttpMessageConvertersConfiguration.JacksonAndJsonbUnavailableCondition.JsonbPreferred @ConditionalOnProperty (spring.http.converters.preferred-json-mapper=jsonb) did not find property 'spring.http.converters.preferred-json-mapper'; NestedCondition on GsonHttpMessageConvertersConfiguration.JacksonAndJsonbUnavailableCondition.Jackson2Available @ConditionalOnBean (types: org.springframework.boot.http.converter.autoconfigure.Jackson2HttpMessageConvertersConfiguration$Jackson2JsonMessageConvertersCustomizer; SearchStrategy: all) did not find any beans of type org.springframework.boot.http.converter.autoconfigure.Jackson2HttpMessageConvertersConfiguration$Jackson2JsonMessageConvertersCustomizer; NestedCondition on GsonHttpMessageConvertersConfiguration.JacksonAndJsonbUnavailableCondition.JacksonAvailable @ConditionalOnBean (types: org.springframework.boot.http.converter.autoconfigure.JacksonHttpMessageConvertersConfiguration$JacksonJsonHttpMessageConvertersCustomizer; SearchStrategy: all) found bean 'jacksonJsonHttpMessageConvertersCustomizer'; NestedCondition on GsonHttpMessageConvertersConfiguration.PreferGsonOrJacksonAndJsonbUnavailableCondition.GsonPreferred @ConditionalOnProperty (spring.http.converters.preferred-json-mapper=gson) did not find property 'spring.http.converters.preferred-json-mapper' (GsonHttpMessageConvertersConfiguration.PreferGsonOrJacksonAndJsonbUnavailableCondition)

   HibernateMetricsAutoConfiguration:
      Did not match:
         - @ConditionalOnClass did not find required class 'io.micrometer.core.instrument.MeterRegistry' (OnClassCondition)

   Jackson2HttpMessageConvertersConfiguration.MappingJackson2HttpMessageConverterConfiguration:
      Did not match:
         - AnyNestedCondition 0 matched 2 did not; NestedCondition on Jackson2HttpMessageConvertersConfiguration.PreferJackson2OrJacksonUnavailableCondition.JacksonUnavailable @ConditionalOnMissingBean (types: org.springframework.boot.http.converter.autoconfigure.JacksonHttpMessageConvertersConfiguration$JacksonJsonHttpMessageConvertersCustomizer; SearchStrategy: all) found beans of type 'org.springframework.boot.http.converter.autoconfigure.JacksonHttpMessageConvertersConfiguration$JacksonJsonHttpMessageConvertersCustomizer' jacksonJsonHttpMessageConvertersCustomizer; NestedCondition on Jackson2HttpMessageConvertersConfiguration.PreferJackson2OrJacksonUnavailableCondition.Jackson2Preferred @ConditionalOnProperty (spring.http.converters.preferred-json-mapper=jackson2) did not find property 'spring.http.converters.preferred-json-mapper' (Jackson2HttpMessageConvertersConfiguration.PreferJackson2OrJacksonUnavailableCondition)
      Matched:
         - @ConditionalOnClass found required class 'com.fasterxml.jackson.databind.ObjectMapper' (OnClassCondition)

   Jackson2HttpMessageConvertersConfiguration.MappingJackson2XmlHttpMessageConverterConfiguration:
      Did not match:
         - @ConditionalOnClass did not find required class 'com.fasterxml.jackson.dataformat.xml.XmlMapper' (OnClassCondition)

   JacksonAutoConfiguration.CborConfiguration:
      Did not match:
         - @ConditionalOnClass did not find required class 'tools.jackson.dataformat.cbor.CBORMapper' (OnClassCondition)

   JacksonAutoConfiguration.XmlConfiguration:
      Did not match:
         - @ConditionalOnClass did not find required class 'tools.jackson.dataformat.xml.XmlMapper' (OnClassCondition)

   JacksonHttpMessageConvertersConfiguration.JacksonXmlHttpMessageConverterConfiguration:
      Did not match:
         - @ConditionalOnClass did not find required class 'tools.jackson.dataformat.xml.XmlMapper' (OnClassCondition)

   JdbcClientAutoConfiguration:
      Did not match:
         - @ConditionalOnSingleCandidate (types: org.springframework.jdbc.core.namedparam.NamedParameterJdbcTemplate; SearchStrategy: all) did not find any beans (OnBeanCondition)

   JdbcTemplateAutoConfiguration:
      Did not match:
         - @ConditionalOnSingleCandidate (types: javax.sql.DataSource; SearchStrategy: all) did not find any beans (OnBeanCondition)
      Matched:
         - @ConditionalOnClass found required classes 'javax.sql.DataSource', 'org.springframework.jdbc.core.JdbcTemplate' (OnClassCondition)

   JmxAutoConfiguration:
      Did not match:
         - @ConditionalOnBooleanProperty (spring.jmx.enabled=true) did not find property 'spring.jmx.enabled' (OnPropertyCondition)
      Matched:
         - @ConditionalOnClass found required class 'org.springframework.jmx.export.MBeanExporter' (OnClassCondition)

   JndiDataSourceAutoConfiguration:
      Did not match:
         - @ConditionalOnProperty (spring.datasource.jndi-name) did not find property 'spring.datasource.jndi-name' (OnPropertyCondition)
      Matched:
         - @ConditionalOnClass found required classes 'javax.sql.DataSource', 'org.springframework.jdbc.datasource.embedded.EmbeddedDatabaseType' (OnClassCondition)

   JndiJtaConfiguration:
      Did not match:
         - @ConditionalOnJndi JNDI environment is not available (OnJndiCondition)
      Matched:
         - @ConditionalOnClass found required class 'org.springframework.transaction.jta.JtaTransactionManager' (OnClassCondition)

   JsonbHttpMessageConvertersConfiguration:
      Did not match:
         - @ConditionalOnClass did not find required class 'jakarta.json.bind.Jsonb' (OnClassCondition)

   KotlinSerializationHttpMessageConvertersConfiguration:
      Did not match:
         - @ConditionalOnClass did not find required classes 'kotlinx.serialization.Serializable', 'kotlinx.serialization.json.Json' (OnClassCondition)

   LocalDevToolsAutoConfiguration.LiveReloadConfiguration:
      Did not match:
         - @ConditionalOnBooleanProperty (spring.devtools.livereload.enabled=true) did not find property 'spring.devtools.livereload.enabled' (OnPropertyCondition)

   MessageSourceAutoConfiguration:
      Did not match:
         - ResourceBundle did not find bundle with basename messages (MessageSourceAutoConfiguration.ResourceBundleCondition)

   ProjectInfoAutoConfiguration#buildProperties:
      Did not match:
         - @ConditionalOnResource did not find resource '${spring.info.build.location:classpath:META-INF/build-info.properties}' (OnResourceCondition)

   ProjectInfoAutoConfiguration#gitProperties:
      Did not match:
         - GitResource did not find git info at classpath:git.properties (ProjectInfoAutoConfiguration.GitResourceAvailableCondition)

   RemoteDevToolsAutoConfiguration:
      Did not match:
         - @ConditionalOnProperty (spring.devtools.remote.secret) did not find property 'spring.devtools.remote.secret' (OnPropertyCondition)
      Matched:
         - @ConditionalOnClass found required classes 'jakarta.servlet.Filter', 'org.springframework.http.server.ServerHttpRequest', 'org.springframework.boot.web.server.autoconfigure.ServerProperties' (OnClassCondition)

   ServletHttpExchangesAutoConfiguration:
      Did not match:
         - @ConditionalOnBean did not find required type 'org.springframework.boot.actuate.web.exchanges.HttpExchangeRepository' (OnBeanCondition)

   ServletManagementContextAutoConfiguration:
      Did not match:
         - @ConditionalOnClass did not find required class 'org.springframework.boot.actuate.autoconfigure.endpoint.web.WebEndpointProperties' (OnClassCondition)

   ServletMappingsAutoConfiguration:
      Did not match:
         - @ConditionalOnClass did not find required class 'org.springframework.boot.actuate.autoconfigure.endpoint.condition.ConditionalOnAvailableEndpoint' (OnClassCondition)

   ServletWebServerConfiguration#forwardedHeaderFilter:
      Did not match:
         - @ConditionalOnProperty (server.forward-headers-strategy=framework) did not find property 'server.forward-headers-strategy' (OnPropertyCondition)

   SpringApplicationAdminJmxAutoConfiguration:
      Did not match:
         - @ConditionalOnBooleanProperty (spring.application.admin.enabled=true) did not find property 'spring.application.admin.enabled' (OnPropertyCondition)

   TaskExecutorConfigurations.AsyncConfigurerWrapperConfiguration:
      Did not match:
         - @ConditionalOnBean (types: org.springframework.scheduling.annotation.AsyncConfigurer; SearchStrategy: all) did not find any beans of type org.springframework.scheduling.annotation.AsyncConfigurer (OnBeanCondition)

   TaskExecutorConfigurations.SimpleAsyncTaskExecutorBuilderConfiguration#simpleAsyncTaskExecutorBuilderVirtualThreads:
      Did not match:
         - @ConditionalOnMissingBean (types: org.springframework.boot.task.SimpleAsyncTaskExecutorBuilder; SearchStrategy: all) found beans of type 'org.springframework.boot.task.SimpleAsyncTaskExecutorBuilder' simpleAsyncTaskExecutorBuilder (OnBeanCondition)

   TaskExecutorConfigurations.TaskExecutorConfiguration#applicationTaskExecutorVirtualThreads:
      Did not match:
         - @ConditionalOnThreading did not find VIRTUAL (OnThreadingCondition)

   TaskSchedulingAutoConfiguration#scheduledBeanLazyInitializationExcludeFilter:
      Did not match:
         - @ConditionalOnBean (names: org.springframework.scheduling.config.internalScheduledAnnotationProcessor; SearchStrategy: all) did not find any beans named org.springframework.scheduling.config.internalScheduledAnnotationProcessor (OnBeanCondition)

   TaskSchedulingConfigurations.SimpleAsyncTaskSchedulerBuilderConfiguration#simpleAsyncTaskSchedulerBuilderVirtualThreads:
      Did not match:
         - @ConditionalOnMissingBean (types: org.springframework.boot.task.SimpleAsyncTaskSchedulerBuilder; SearchStrategy: all) found beans of type 'org.springframework.boot.task.SimpleAsyncTaskSchedulerBuilder' simpleAsyncTaskSchedulerBuilder (OnBeanCondition)

   TaskSchedulingConfigurations.TaskSchedulerConfiguration:
      Did not match:
         - @ConditionalOnBean (names: org.springframework.scheduling.config.internalScheduledAnnotationProcessor; SearchStrategy: all) did not find any beans named org.springframework.scheduling.config.internalScheduledAnnotationProcessor (OnBeanCondition)

   TomcatMetricsAutoConfiguration:
      Did not match:
         - @ConditionalOnClass did not find required class 'io.micrometer.core.instrument.binder.tomcat.TomcatMetrics' (OnClassCondition)

   TomcatReactiveManagementContextAutoConfiguration:
      Did not match:
         - @ConditionalOnClass did not find required class 'org.springframework.boot.actuate.autoconfigure.web.server.ManagementContextFactory' (OnClassCondition)

   TomcatReactiveWebServerAutoConfiguration:
      Did not match:
         - @ConditionalOnWebApplication did not find reactive web application classes (OnWebApplicationCondition)

   TomcatServletManagementContextAutoConfiguration:
      Did not match:
         - @ConditionalOnClass did not find required class 'org.springframework.boot.actuate.autoconfigure.web.server.ManagementContextFactory' (OnClassCondition)

   TomcatServletWebServerAutoConfiguration#tomcatForwardedHeaderFilterCustomizer:
      Did not match:
         - @ConditionalOnProperty (server.forward-headers-strategy=framework) did not find property 'server.forward-headers-strategy' (OnPropertyCondition)

   TomcatWebServerConfiguration#tomcatVirtualThreadsProtocolHandlerCustomizer:
      Did not match:
         - @ConditionalOnThreading did not find VIRTUAL (OnThreadingCondition)

   TransactionAutoConfiguration#transactionalOperator:
      Did not match:
         - @ConditionalOnSingleCandidate (types: org.springframework.transaction.ReactiveTransactionManager; SearchStrategy: all) did not find any beans (OnBeanCondition)

   TransactionAutoConfiguration.AspectJTransactionManagementConfiguration:
      Did not match:
         - @ConditionalOnBean (types: org.springframework.transaction.aspectj.AbstractTransactionAspect; SearchStrategy: all) did not find any beans of type org.springframework.transaction.aspectj.AbstractTransactionAspect (OnBeanCondition)

   TransactionAutoConfiguration.EnableTransactionManagementConfiguration:
      Did not match:
         - @ConditionalOnBean (types: org.springframework.transaction.TransactionManager; SearchStrategy: all) did not find any beans of type org.springframework.transaction.TransactionManager (OnBeanCondition)

   TransactionAutoConfiguration.EnableTransactionManagementConfiguration.CglibAutoProxyConfiguration:
      Did not match:
         - Ancestor org.springframework.boot.transaction.autoconfigure.TransactionAutoConfiguration$EnableTransactionManagementConfiguration did not match (ConditionEvaluationReport.AncestorsMatchedCondition)
      Matched:
         - @ConditionalOnBooleanProperty (spring.aop.proxy-target-class=true) matched (OnPropertyCondition)

   TransactionAutoConfiguration.EnableTransactionManagementConfiguration.JdkDynamicAutoProxyConfiguration:
      Did not match:
         - @ConditionalOnBooleanProperty (spring.aop.proxy-target-class=false) did not find property 'spring.aop.proxy-target-class' (OnPropertyCondition)
         - Ancestor org.springframework.boot.transaction.autoconfigure.TransactionAutoConfiguration$EnableTransactionManagementConfiguration did not match (ConditionEvaluationReport.AncestorsMatchedCondition)

   TransactionAutoConfiguration.TransactionTemplateConfiguration:
      Did not match:
         - @ConditionalOnSingleCandidate (types: org.springframework.transaction.PlatformTransactionManager; SearchStrategy: all) did not find any beans (OnBeanCondition)

   WebMvcAutoConfiguration#hiddenHttpMethodFilter:
      Did not match:
         - @ConditionalOnBooleanProperty (spring.mvc.hiddenmethod.filter.enabled=true) did not find property 'spring.mvc.hiddenmethod.filter.enabled' (OnPropertyCondition)

   WebMvcAutoConfiguration.ProblemDetailsErrorHandlingConfiguration:
      Did not match:
         - @ConditionalOnBooleanProperty (spring.mvc.problemdetails.enabled=true) did not find property 'spring.mvc.problemdetails.enabled' (OnPropertyCondition)

   WebMvcAutoConfiguration.ResourceChainCustomizerConfiguration:
      Did not match:
         - @ConditionalOnEnabledResourceChain did not find class org.webjars.WebJarVersionLocator (OnEnabledResourceChainCondition)

   WebMvcAutoConfiguration.WebMvcAutoConfigurationAdapter#beanNameViewResolver:
      Did not match:
         - @ConditionalOnMissingBean (types: org.springframework.web.servlet.view.BeanNameViewResolver; SearchStrategy: all) found beans of type 'org.springframework.web.servlet.view.BeanNameViewResolver' beanNameViewResolver (OnBeanCondition)

   WebMvcHealthEndpointExtensionAutoConfiguration:
      Did not match:
         - @ConditionalOnClass did not find required class 'org.springframework.boot.health.actuate.endpoint.HealthEndpoint' (OnClassCondition)

   WebMvcMappingsAutoConfiguration:
      Did not match:
         - @ConditionalOnClass did not find required class 'org.springframework.boot.actuate.autoconfigure.endpoint.condition.ConditionalOnAvailableEndpoint' (OnClassCondition)

   WebMvcObservationAutoConfiguration:
      Did not match:
         - @ConditionalOnClass did not find required class 'org.springframework.boot.micrometer.observation.autoconfigure.ObservationProperties' (OnClassCondition)

   XADataSourceAutoConfiguration:
      Did not match:
         - @ConditionalOnBean (types: org.springframework.boot.jdbc.XADataSourceWrapper; SearchStrategy: all) did not find any beans of type org.springframework.boot.jdbc.XADataSourceWrapper (OnBeanCondition)
      Matched:
         - @ConditionalOnClass found required classes 'javax.sql.DataSource', 'jakarta.transaction.TransactionManager', 'org.springframework.jdbc.datasource.embedded.EmbeddedDatabaseType' (OnClassCondition)


Exclusions:
-----------

    org.springframework.boot.jdbc.autoconfigure.DataSourceAutoConfiguration

    org.springframework.boot.jdbc.autoconfigure.DataSourceTransactionManagerAutoConfiguration

    org.springframework.boot.hibernate.autoconfigure.HibernateJpaAutoConfiguration


Unconditional classes:
----------------------

    org.springframework.boot.autoconfigure.context.ConfigurationPropertiesAutoConfiguration

    org.springframework.boot.autoconfigure.ssl.SslAutoConfiguration

    org.springframework.boot.autoconfigure.context.LifecycleAutoConfiguration

    org.springframework.boot.autoconfigure.context.PropertyPlaceholderAutoConfiguration

    org.springframework.boot.autoconfigure.availability.ApplicationAvailabilityAutoConfiguration

    org.springframework.boot.autoconfigure.info.ProjectInfoAutoConfiguration



2026-06-11T11:17:50.239+05:30  INFO 11320 --- [playwright-framework] [  restartedMain] c.a.p.PlaywrightFrameworkApplication     : Started PlaywrightFrameworkApplication in 1.969 seconds (process running for 2.375)
2026-06-11T11:17:50.240+05:30 DEBUG 11320 --- [playwright-framework] [  restartedMain] o.s.b.a.ApplicationAvailabilityBean      : Application availability state LivenessState changed to CORRECT
2026-06-11T11:17:50.242+05:30 DEBUG 11320 --- [playwright-framework] [  restartedMain] o.s.boot.devtools.restart.Restarter      : Creating new Restarter for thread Thread[#1,main,5,main]
2026-06-11T11:17:50.242+05:30 DEBUG 11320 --- [playwright-framework] [  restartedMain] o.s.boot.devtools.restart.Restarter      : Immediately restarting application
2026-06-11T11:17:50.242+05:30 DEBUG 11320 --- [playwright-framework] [  restartedMain] o.s.boot.devtools.restart.Restarter      : Starting application com.automation.playwright_framework.PlaywrightFrameworkApplication with URLs [file:/D:/Mohan/play-wright/target/classes/]
2026-06-11T11:17:50.243+05:30 DEBUG 11320 --- [playwright-framework] [  restartedMain] o.s.b.a.ApplicationAvailabilityBean      : Application availability state ReadinessState changed to ACCEPTING_TRAFFIC
2026-06-11T11:18:04.604+05:30  INFO 11320 --- [playwright-framework] [nio-8080-exec-1] o.a.c.c.C.[Tomcat].[localhost].[/]       : Initializing Spring DispatcherServlet 'dispatcherServlet'
2026-06-11T11:18:04.604+05:30  INFO 11320 --- [playwright-framework] [nio-8080-exec-1] o.s.web.servlet.DispatcherServlet        : Initializing Servlet 'dispatcherServlet'
2026-06-11T11:18:04.604+05:30 DEBUG 11320 --- [playwright-framework] [nio-8080-exec-1] o.s.web.servlet.DispatcherServlet        : Detected StandardServletMultipartResolver
2026-06-11T11:18:04.605+05:30 DEBUG 11320 --- [playwright-framework] [nio-8080-exec-1] o.s.web.servlet.DispatcherServlet        : Detected AcceptHeaderLocaleResolver
2026-06-11T11:18:04.606+05:30 DEBUG 11320 --- [playwright-framework] [nio-8080-exec-1] o.s.web.servlet.DispatcherServlet        : Detected org.springframework.web.servlet.view.DefaultRequestToViewNameTranslator@612fcb73
2026-06-11T11:18:04.606+05:30 DEBUG 11320 --- [playwright-framework] [nio-8080-exec-1] o.s.web.servlet.DispatcherServlet        : Detected org.springframework.web.servlet.support.SessionFlashMapManager@2cbdc340
2026-06-11T11:18:04.606+05:30 DEBUG 11320 --- [playwright-framework] [nio-8080-exec-1] o.s.web.servlet.DispatcherServlet        : enableLoggingRequestDetails='false': request parameters and headers will be masked to prevent unsafe logging of potentially sensitive data
2026-06-11T11:18:04.606+05:30  INFO 11320 --- [playwright-framework] [nio-8080-exec-1] o.s.web.servlet.DispatcherServlet        : Completed initialization in 2 ms
2026-06-11T11:18:04.613+05:30 DEBUG 11320 --- [playwright-framework] [nio-8080-exec-1] o.s.web.servlet.DispatcherServlet        : GET "/api/reports/latest", parameters={}
2026-06-11T11:18:04.622+05:30 DEBUG 11320 --- [playwright-framework] [nio-8080-exec-1] s.w.s.m.m.a.RequestMappingHandlerMapping : Mapped to com.automation.playwright_framework.TestReportController#latest()
2026-06-11T11:18:04.724+05:30 DEBUG 11320 --- [playwright-framework] [nio-8080-exec-1] o.s.w.s.m.m.a.HttpEntityMethodProcessor  : Using 'application/json', given [*/*] and supported [application/json]
2026-06-11T11:18:04.745+05:30 DEBUG 11320 --- [playwright-framework] [nio-8080-exec-1] o.s.w.s.m.m.a.HttpEntityMethodProcessor  : Writing [TestReportResponse[status=FAILURE, suiteName=com.automation.playwright_framework.CooDeclarationTestC (truncated)...]
2026-06-11T11:18:04.801+05:30 DEBUG 11320 --- [playwright-framework] [nio-8080-exec-1] o.s.web.servlet.DispatcherServlet        : Completed 200 OK
2026-06-11T11:18:17.702+05:30 DEBUG 11320 --- [playwright-framework] [nio-8080-exec-4] o.s.web.servlet.DispatcherServlet        : GET "/api/reports/latest", parameters={}
2026-06-11T11:18:17.725+05:30 DEBUG 11320 --- [playwright-framework] [nio-8080-exec-4] s.w.s.m.m.a.RequestMappingHandlerMapping : Mapped to com.automation.playwright_framework.TestReportController#latest()
2026-06-11T11:18:17.733+05:30 DEBUG 11320 --- [playwright-framework] [nio-8080-exec-4] o.s.w.s.m.m.a.HttpEntityMethodProcessor  : Using 'application/json', given [*/*] and supported [application/json]
2026-06-11T11:18:17.733+05:30 DEBUG 11320 --- [playwright-framework] [nio-8080-exec-4] o.s.w.s.m.m.a.HttpEntityMethodProcessor  : Writing [TestReportResponse[status=FAILURE, suiteName=com.automation.playwright_framework.CooDeclarationTestC (truncated)...]
2026-06-11T11:18:17.735+05:30 DEBUG 11320 --- [playwright-framework] [nio-8080-exec-4] o.s.web.servlet.DispatcherServlet        : Completed 200 OK
2026-06-11T11:19:21.975+05:30 DEBUG 11320 --- [playwright-framework] [nio-8080-exec-6] o.s.web.servlet.DispatcherServlet        : GET "/api/reports/latest", parameters={}
2026-06-11T11:19:21.977+05:30 DEBUG 11320 --- [playwright-framework] [nio-8080-exec-6] s.w.s.m.m.a.RequestMappingHandlerMapping : Mapped to com.automation.playwright_framework.TestReportController#latest()
2026-06-11T11:19:21.987+05:30 DEBUG 11320 --- [playwright-framework] [nio-8080-exec-6] o.s.w.s.m.m.a.HttpEntityMethodProcessor  : Using 'application/json;q=0.8', given [text/html, application/xhtml+xml, image/avif, image/webp, image/apng, application/xml;q=0.9, */*;q=0.8, application/signed-exchange;v=b3;q=0.7] and supported [application/json]
2026-06-11T11:19:21.992+05:30 DEBUG 11320 --- [playwright-framework] [nio-8080-exec-6] o.s.w.s.m.m.a.HttpEntityMethodProcessor  : Writing [TestReportResponse[status=FAILURE, suiteName=com.automation.playwright_framework.CooDeclarationTestC (truncated)...]
2026-06-11T11:19:21.996+05:30 DEBUG 11320 --- [playwright-framework] [nio-8080-exec-6] o.s.web.servlet.DispatcherServlet        : Completed 200 OK
2026-06-11T11:19:22.027+05:30 DEBUG 11320 --- [playwright-framework] [nio-8080-exec-2] o.s.web.servlet.DispatcherServlet        : GET "/favicon.ico", parameters={}
2026-06-11T11:19:22.033+05:30 DEBUG 11320 --- [playwright-framework] [nio-8080-exec-2] o.s.w.s.handler.SimpleUrlHandlerMapping  : Mapped to ResourceHttpRequestHandler [classpath [META-INF/resources/], classpath [resources/], classpath [static/], classpath [public/], ServletContext [/]]
2026-06-11T11:19:22.036+05:30 DEBUG 11320 --- [playwright-framework] [nio-8080-exec-2] o.s.w.s.r.ResourceHttpRequestHandler     : Resource not found for path [favicon.ico]
2026-06-11T11:19:22.041+05:30 DEBUG 11320 --- [playwright-framework] [nio-8080-exec-2] .w.s.m.s.DefaultHandlerExceptionResolver : Resolved [org.springframework.web.servlet.resource.NoResourceFoundException: No static resource favicon.ico for request '/favicon.ico'.]
2026-06-11T11:19:22.042+05:30 DEBUG 11320 --- [playwright-framework] [nio-8080-exec-2] o.s.web.servlet.DispatcherServlet        : Completed 404 NOT_FOUND
2026-06-11T11:19:22.052+05:30 DEBUG 11320 --- [playwright-framework] [nio-8080-exec-2] o.s.web.servlet.DispatcherServlet        : "ERROR" dispatch for GET "/error", parameters={}
2026-06-11T11:19:22.054+05:30 DEBUG 11320 --- [playwright-framework] [nio-8080-exec-2] s.w.s.m.m.a.RequestMappingHandlerMapping : Mapped to org.springframework.boot.webmvc.autoconfigure.error.BasicErrorController#error(HttpServletRequest)
2026-06-11T11:19:22.065+05:30 DEBUG 11320 --- [playwright-framework] [nio-8080-exec-2] o.s.w.s.m.m.a.HttpEntityMethodProcessor  : Using 'application/json;q=0.8', given [image/avif, image/webp, image/apng, image/svg+xml, image/*, */*;q=0.8] and supported [application/json, application/*+json]
2026-06-11T11:19:22.066+05:30 DEBUG 11320 --- [playwright-framework] [nio-8080-exec-2] o.s.w.s.m.m.a.HttpEntityMethodProcessor  : Writing [{timestamp=Thu Jun 11 11:19:22 IST 2026, status=404, error=Not Found, trace=org.springframework.web. (truncated)...]
2026-06-11T11:19:22.079+05:30 DEBUG 11320 --- [playwright-framework] [nio-8080-exec-2] o.s.web.servlet.DispatcherServlet        : Exiting from "ERROR" dispatch, status 404
2026-06-11T11:19:58.574+05:30 DEBUG 11320 --- [playwright-framework] [nio-8080-exec-7] o.s.web.servlet.DispatcherServlet        : GET "/", parameters={}
2026-06-11T11:19:58.576+05:30 DEBUG 11320 --- [playwright-framework] [nio-8080-exec-7] o.s.w.s.handler.SimpleUrlHandlerMapping  : Mapped to ResourceHttpRequestHandler [classpath [META-INF/resources/], classpath [resources/], classpath [static/], classpath [public/], ServletContext [/]]
2026-06-11T11:19:58.577+05:30 DEBUG 11320 --- [playwright-framework] [nio-8080-exec-7] o.s.w.s.r.ResourceHttpRequestHandler     : Ignoring invalid resource path []
2026-06-11T11:19:58.578+05:30 DEBUG 11320 --- [playwright-framework] [nio-8080-exec-7] .w.s.m.s.DefaultHandlerExceptionResolver : Resolved [org.springframework.web.servlet.resource.NoResourceFoundException: No static resource  for request '/'.]
2026-06-11T11:19:58.579+05:30 DEBUG 11320 --- [playwright-framework] [nio-8080-exec-7] o.s.web.servlet.DispatcherServlet        : Completed 404 NOT_FOUND
2026-06-11T11:19:58.580+05:30 DEBUG 11320 --- [playwright-framework] [nio-8080-exec-7] o.s.web.servlet.DispatcherServlet        : "ERROR" dispatch for GET "/error", parameters={}
2026-06-11T11:19:58.582+05:30 DEBUG 11320 --- [playwright-framework] [nio-8080-exec-7] s.w.s.m.m.a.RequestMappingHandlerMapping : Mapped to org.springframework.boot.webmvc.autoconfigure.error.BasicErrorController#errorHtml(HttpServletRequest, HttpServletResponse)
2026-06-11T11:19:58.599+05:30 DEBUG 11320 --- [playwright-framework] [nio-8080-exec-7] o.s.w.s.v.ContentNegotiatingViewResolver : Selected 'text/html' given [text/html, text/html;q=0.8]
2026-06-11T11:19:58.606+05:30 DEBUG 11320 --- [playwright-framework] [nio-8080-exec-7] o.s.web.servlet.DispatcherServlet        : Exiting from "ERROR" dispatch, status 404
2026-06-11T11:19:59.651+05:30 DEBUG 11320 --- [playwright-framework] [nio-8080-exec-8] o.s.web.servlet.DispatcherServlet        : GET "/", parameters={}
2026-06-11T11:19:59.661+05:30 DEBUG 11320 --- [playwright-framework] [nio-8080-exec-8] o.s.w.s.handler.SimpleUrlHandlerMapping  : Mapped to ResourceHttpRequestHandler [classpath [META-INF/resources/], classpath [resources/], classpath [static/], classpath [public/], ServletContext [/]]
2026-06-11T11:19:59.662+05:30 DEBUG 11320 --- [playwright-framework] [nio-8080-exec-8] o.s.w.s.r.ResourceHttpRequestHandler     : Ignoring invalid resource path []
2026-06-11T11:19:59.664+05:30 DEBUG 11320 --- [playwright-framework] [nio-8080-exec-8] .w.s.m.s.DefaultHandlerExceptionResolver : Resolved [org.springframework.web.servlet.resource.NoResourceFoundException: No static resource  for request '/'.]
2026-06-11T11:19:59.664+05:30 DEBUG 11320 --- [playwright-framework] [nio-8080-exec-8] o.s.web.servlet.DispatcherServlet        : Completed 404 NOT_FOUND
2026-06-11T11:19:59.665+05:30 DEBUG 11320 --- [playwright-framework] [nio-8080-exec-8] o.s.web.servlet.DispatcherServlet        : "ERROR" dispatch for GET "/error", parameters={}
2026-06-11T11:19:59.667+05:30 DEBUG 11320 --- [playwright-framework] [nio-8080-exec-8] s.w.s.m.m.a.RequestMappingHandlerMapping : Mapped to org.springframework.boot.webmvc.autoconfigure.error.BasicErrorController#errorHtml(HttpServletRequest, HttpServletResponse)
2026-06-11T11:19:59.671+05:30 DEBUG 11320 --- [playwright-framework] [nio-8080-exec-8] o.s.w.s.v.ContentNegotiatingViewResolver : Selected 'text/html' given [text/html, text/html;q=0.8]
2026-06-11T11:19:59.672+05:30 DEBUG 11320 --- [playwright-framework] [nio-8080-exec-8] o.s.web.servlet.DispatcherServlet        : Exiting from "ERROR" dispatch, status 404
2026-06-11T11:21:59.831+05:30 DEBUG 11320 --- [playwright-framework] [nio-8080-exec-1] o.s.web.servlet.DispatcherServlet        : GET "/api/reports/latest", parameters={}
2026-06-11T11:21:59.855+05:30 DEBUG 11320 --- [playwright-framework] [nio-8080-exec-1] s.w.s.m.m.a.RequestMappingHandlerMapping : Mapped to com.automation.playwright_framework.TestReportController#latest()
2026-06-11T11:21:59.869+05:30 DEBUG 11320 --- [playwright-framework] [nio-8080-exec-1] o.s.w.s.m.m.a.HttpEntityMethodProcessor  : Using 'application/json', given [*/*] and supported [application/json]
2026-06-11T11:21:59.874+05:30 DEBUG 11320 --- [playwright-framework] [nio-8080-exec-1] o.s.w.s.m.m.a.HttpEntityMethodProcessor  : Writing [TestReportResponse[status=SUCCESS, suiteName=com.automation.playwright_framework.CooDeclarationTestC (truncated)...]
2026-06-11T11:21:59.876+05:30 DEBUG 11320 --- [playwright-framework] [nio-8080-exec-1] o.s.web.servlet.DispatcherServlet        : Completed 200 OK
2026-06-11T11:22:05.222+05:30 DEBUG 11320 --- [playwright-framework] [nio-8080-exec-3] o.s.web.servlet.DispatcherServlet        : GET "/api/reports/latest", parameters={}
2026-06-11T11:22:05.244+05:30 DEBUG 11320 --- [playwright-framework] [nio-8080-exec-3] s.w.s.m.m.a.RequestMappingHandlerMapping : Mapped to com.automation.playwright_framework.TestReportController#latest()
2026-06-11T11:22:05.250+05:30 DEBUG 11320 --- [playwright-framework] [nio-8080-exec-3] o.s.w.s.m.m.a.HttpEntityMethodProcessor  : Using 'application/json', given [*/*] and supported [application/json]
2026-06-11T11:22:05.252+05:30 DEBUG 11320 --- [playwright-framework] [nio-8080-exec-3] o.s.w.s.m.m.a.HttpEntityMethodProcessor  : Writing [TestReportResponse[status=SUCCESS, suiteName=com.automation.playwright_framework.CooDeclarationTestC (truncated)...]
2026-06-11T11:22:05.253+05:30 DEBUG 11320 --- [playwright-framework] [nio-8080-exec-3] o.s.web.servlet.DispatcherServlet        : Completed 200 OK
2026-06-11T11:22:05.804+05:30 DEBUG 11320 --- [playwright-framework] [nio-8080-exec-4] o.s.web.servlet.DispatcherServlet        : GET "/api/reports/latest", parameters={}
2026-06-11T11:22:05.829+05:30 DEBUG 11320 --- [playwright-framework] [nio-8080-exec-4] s.w.s.m.m.a.RequestMappingHandlerMapping : Mapped to com.automation.playwright_framework.TestReportController#latest()
2026-06-11T11:22:05.837+05:30 DEBUG 11320 --- [playwright-framework] [nio-8080-exec-4] o.s.w.s.m.m.a.HttpEntityMethodProcessor  : Using 'application/json', given [*/*] and supported [application/json]
2026-06-11T11:22:05.838+05:30 DEBUG 11320 --- [playwright-framework] [nio-8080-exec-4] o.s.w.s.m.m.a.HttpEntityMethodProcessor  : Writing [TestReportResponse[status=SUCCESS, suiteName=com.automation.playwright_framework.CooDeclarationTestC (truncated)...]
2026-06-11T11:22:05.840+05:30 DEBUG 11320 --- [playwright-framework] [nio-8080-exec-4] o.s.web.servlet.DispatcherServlet        : Completed 200 OK
2026-06-11T11:22:05.972+05:30 DEBUG 11320 --- [playwright-framework] [nio-8080-exec-5] o.s.web.servlet.DispatcherServlet        : GET "/api/reports/latest", parameters={}
2026-06-11T11:22:05.996+05:30 DEBUG 11320 --- [playwright-framework] [nio-8080-exec-5] s.w.s.m.m.a.RequestMappingHandlerMapping : Mapped to com.automation.playwright_framework.TestReportController#latest()
2026-06-11T11:22:06.002+05:30 DEBUG 11320 --- [playwright-framework] [nio-8080-exec-5] o.s.w.s.m.m.a.HttpEntityMethodProcessor  : Using 'application/json', given [*/*] and supported [application/json]
2026-06-11T11:22:06.003+05:30 DEBUG 11320 --- [playwright-framework] [nio-8080-exec-5] o.s.w.s.m.m.a.HttpEntityMethodProcessor  : Writing [TestReportResponse[status=SUCCESS, suiteName=com.automation.playwright_framework.CooDeclarationTestC (truncated)...]
2026-06-11T11:22:06.005+05:30 DEBUG 11320 --- [playwright-framework] [nio-8080-exec-5] o.s.web.servlet.DispatcherServlet        : Completed 200 OK
2026-06-11T11:22:06.141+05:30 DEBUG 11320 --- [playwright-framework] [nio-8080-exec-6] o.s.web.servlet.DispatcherServlet        : GET "/api/reports/latest", parameters={}
2026-06-11T11:22:06.165+05:30 DEBUG 11320 --- [playwright-framework] [nio-8080-exec-6] s.w.s.m.m.a.RequestMappingHandlerMapping : Mapped to com.automation.playwright_framework.TestReportController#latest()
2026-06-11T11:22:06.173+05:30 DEBUG 11320 --- [playwright-framework] [nio-8080-exec-6] o.s.w.s.m.m.a.HttpEntityMethodProcessor  : Using 'application/json', given [*/*] and supported [application/json]
2026-06-11T11:22:06.174+05:30 DEBUG 11320 --- [playwright-framework] [nio-8080-exec-6] o.s.w.s.m.m.a.HttpEntityMethodProcessor  : Writing [TestReportResponse[status=SUCCESS, suiteName=com.automation.playwright_framework.CooDeclarationTestC (truncated)...]
2026-06-11T11:22:06.175+05:30 DEBUG 11320 --- [playwright-framework] [nio-8080-exec-6] o.s.web.servlet.DispatcherServlet        : Completed 200 OK
2026-06-11T11:22:06.303+05:30 DEBUG 11320 --- [playwright-framework] [nio-8080-exec-2] o.s.web.servlet.DispatcherServlet        : GET "/api/reports/latest", parameters={}
2026-06-11T11:22:06.325+05:30 DEBUG 11320 --- [playwright-framework] [nio-8080-exec-2] s.w.s.m.m.a.RequestMappingHandlerMapping : Mapped to com.automation.playwright_framework.TestReportController#latest()
2026-06-11T11:22:06.331+05:30 DEBUG 11320 --- [playwright-framework] [nio-8080-exec-2] o.s.w.s.m.m.a.HttpEntityMethodProcessor  : Using 'application/json', given [*/*] and supported [application/json]
2026-06-11T11:22:06.332+05:30 DEBUG 11320 --- [playwright-framework] [nio-8080-exec-2] o.s.w.s.m.m.a.HttpEntityMethodProcessor  : Writing [TestReportResponse[status=SUCCESS, suiteName=com.automation.playwright_framework.CooDeclarationTestC (truncated)...]
2026-06-11T11:22:06.334+05:30 DEBUG 11320 --- [playwright-framework] [nio-8080-exec-2] o.s.web.servlet.DispatcherServlet        : Completed 200 OK
2026-06-11T11:22:06.469+05:30 DEBUG 11320 --- [playwright-framework] [nio-8080-exec-7] o.s.web.servlet.DispatcherServlet        : GET "/api/reports/latest", parameters={}
2026-06-11T11:22:06.492+05:30 DEBUG 11320 --- [playwright-framework] [nio-8080-exec-7] s.w.s.m.m.a.RequestMappingHandlerMapping : Mapped to com.automation.playwright_framework.TestReportController#latest()
2026-06-11T11:22:06.500+05:30 DEBUG 11320 --- [playwright-framework] [nio-8080-exec-7] o.s.w.s.m.m.a.HttpEntityMethodProcessor  : Using 'application/json', given [*/*] and supported [application/json]
2026-06-11T11:22:06.500+05:30 DEBUG 11320 --- [playwright-framework] [nio-8080-exec-7] o.s.w.s.m.m.a.HttpEntityMethodProcessor  : Writing [TestReportResponse[status=SUCCESS, suiteName=com.automation.playwright_framework.CooDeclarationTestC (truncated)...]
2026-06-11T11:22:06.502+05:30 DEBUG 11320 --- [playwright-framework] [nio-8080-exec-7] o.s.web.servlet.DispatcherServlet        : Completed 200 OK
2026-06-11T11:22:16.467+05:30 DEBUG 11320 --- [playwright-framework] [nio-8080-exec-8] o.s.web.servlet.DispatcherServlet        : GET "/api/reports/latest", parameters={}
2026-06-11T11:22:16.492+05:30 DEBUG 11320 --- [playwright-framework] [nio-8080-exec-8] s.w.s.m.m.a.RequestMappingHandlerMapping : Mapped to com.automation.playwright_framework.TestReportController#latest()
2026-06-11T11:22:16.500+05:30 DEBUG 11320 --- [playwright-framework] [nio-8080-exec-8] o.s.w.s.m.m.a.HttpEntityMethodProcessor  : Using 'application/json', given [*/*] and supported [application/json]
2026-06-11T11:22:16.501+05:30 DEBUG 11320 --- [playwright-framework] [nio-8080-exec-8] o.s.w.s.m.m.a.HttpEntityMethodProcessor  : Writing [TestReportResponse[status=SUCCESS, suiteName=com.automation.playwright_framework.CooDeclarationTestC (truncated)...]
2026-06-11T11:22:16.505+05:30 DEBUG 11320 --- [playwright-framework] [nio-8080-exec-8] o.s.web.servlet.DispatcherServlet        : Completed 200 OK
2026-06-11T11:22:16.655+05:30 DEBUG 11320 --- [playwright-framework] [nio-8080-exec-9] o.s.web.servlet.DispatcherServlet        : GET "/api/reports/latest", parameters={}
2026-06-11T11:22:16.680+05:30 DEBUG 11320 --- [playwright-framework] [nio-8080-exec-9] s.w.s.m.m.a.RequestMappingHandlerMapping : Mapped to com.automation.playwright_framework.TestReportController#latest()
2026-06-11T11:22:16.687+05:30 DEBUG 11320 --- [playwright-framework] [nio-8080-exec-9] o.s.w.s.m.m.a.HttpEntityMethodProcessor  : Using 'application/json', given [*/*] and supported [application/json]
2026-06-11T11:22:16.688+05:30 DEBUG 11320 --- [playwright-framework] [nio-8080-exec-9] o.s.w.s.m.m.a.HttpEntityMethodProcessor  : Writing [TestReportResponse[status=SUCCESS, suiteName=com.automation.playwright_framework.CooDeclarationTestC (truncated)...]
2026-06-11T11:22:16.690+05:30 DEBUG 11320 --- [playwright-framework] [nio-8080-exec-9] o.s.web.servlet.DispatcherServlet        : Completed 200 OK
2026-06-11T11:22:16.905+05:30 DEBUG 11320 --- [playwright-framework] [io-8080-exec-10] o.s.web.servlet.DispatcherServlet        : GET "/api/reports/latest", parameters={}
2026-06-11T11:22:16.929+05:30 DEBUG 11320 --- [playwright-framework] [io-8080-exec-10] s.w.s.m.m.a.RequestMappingHandlerMapping : Mapped to com.automation.playwright_framework.TestReportController#latest()
2026-06-11T11:22:16.937+05:30 DEBUG 11320 --- [playwright-framework] [io-8080-exec-10] o.s.w.s.m.m.a.HttpEntityMethodProcessor  : Using 'application/json', given [*/*] and supported [application/json]
2026-06-11T11:22:16.938+05:30 DEBUG 11320 --- [playwright-framework] [io-8080-exec-10] o.s.w.s.m.m.a.HttpEntityMethodProcessor  : Writing [TestReportResponse[status=SUCCESS, suiteName=com.automation.playwright_framework.CooDeclarationTestC (truncated)...]
2026-06-11T11:22:16.940+05:30 DEBUG 11320 --- [playwright-framework] [io-8080-exec-10] o.s.web.servlet.DispatcherServlet        : Completed 200 OK
2026-06-11T11:22:17.634+05:30 DEBUG 11320 --- [playwright-framework] [nio-8080-exec-1] o.s.web.servlet.DispatcherServlet        : GET "/api/reports/latest", parameters={}
2026-06-11T11:22:17.637+05:30 DEBUG 11320 --- [playwright-framework] [nio-8080-exec-1] s.w.s.m.m.a.RequestMappingHandlerMapping : Mapped to com.automation.playwright_framework.TestReportController#latest()
2026-06-11T11:22:17.643+05:30 DEBUG 11320 --- [playwright-framework] [nio-8080-exec-1] o.s.w.s.m.m.a.HttpEntityMethodProcessor  : Using 'application/json', given [*/*] and supported [application/json]
2026-06-11T11:22:17.643+05:30 DEBUG 11320 --- [playwright-framework] [nio-8080-exec-1] o.s.w.s.m.m.a.HttpEntityMethodProcessor  : Writing [TestReportResponse[status=SUCCESS, suiteName=com.automation.playwright_framework.CooDeclarationTestC (truncated)...]
2026-06-11T11:22:17.645+05:30 DEBUG 11320 --- [playwright-framework] [nio-8080-exec-1] o.s.web.servlet.DispatcherServlet        : Completed 200 OK
2026-06-11T11:22:18.114+05:30 DEBUG 11320 --- [playwright-framework] [nio-8080-exec-3] o.s.web.servlet.DispatcherServlet        : GET "/api/reports/latest", parameters={}
2026-06-11T11:22:18.115+05:30 DEBUG 11320 --- [playwright-framework] [nio-8080-exec-3] s.w.s.m.m.a.RequestMappingHandlerMapping : Mapped to com.automation.playwright_framework.TestReportController#latest()
2026-06-11T11:22:18.134+05:30 DEBUG 11320 --- [playwright-framework] [nio-8080-exec-3] o.s.w.s.m.m.a.HttpEntityMethodProcessor  : Using 'application/json', given [*/*] and supported [application/json]
2026-06-11T11:22:18.136+05:30 DEBUG 11320 --- [playwright-framework] [nio-8080-exec-3] o.s.w.s.m.m.a.HttpEntityMethodProcessor  : Writing [TestReportResponse[status=SUCCESS, suiteName=com.automation.playwright_framework.CooDeclarationTestC (truncated)...]
2026-06-11T11:22:18.138+05:30 DEBUG 11320 --- [playwright-framework] [nio-8080-exec-3] o.s.web.servlet.DispatcherServlet        : Completed 200 OK
2026-06-11T11:22:18.359+05:30 DEBUG 11320 --- [playwright-framework] [nio-8080-exec-4] o.s.web.servlet.DispatcherServlet        : GET "/api/reports/latest", parameters={}
2026-06-11T11:22:18.383+05:30 DEBUG 11320 --- [playwright-framework] [nio-8080-exec-4] s.w.s.m.m.a.RequestMappingHandlerMapping : Mapped to com.automation.playwright_framework.TestReportController#latest()
2026-06-11T11:22:18.390+05:30 DEBUG 11320 --- [playwright-framework] [nio-8080-exec-4] o.s.w.s.m.m.a.HttpEntityMethodProcessor  : Using 'application/json', given [*/*] and supported [application/json]
2026-06-11T11:22:18.391+05:30 DEBUG 11320 --- [playwright-framework] [nio-8080-exec-4] o.s.w.s.m.m.a.HttpEntityMethodProcessor  : Writing [TestReportResponse[status=SUCCESS, suiteName=com.automation.playwright_framework.CooDeclarationTestC (truncated)...]
2026-06-11T11:22:18.392+05:30 DEBUG 11320 --- [playwright-framework] [nio-8080-exec-4] o.s.web.servlet.DispatcherServlet        : Completed 200 OK
2026-06-11T11:22:18.555+05:30 DEBUG 11320 --- [playwright-framework] [nio-8080-exec-5] o.s.web.servlet.DispatcherServlet        : GET "/api/reports/latest", parameters={}
2026-06-11T11:22:18.581+05:30 DEBUG 11320 --- [playwright-framework] [nio-8080-exec-5] s.w.s.m.m.a.RequestMappingHandlerMapping : Mapped to com.automation.playwright_framework.TestReportController#latest()
2026-06-11T11:22:18.587+05:30 DEBUG 11320 --- [playwright-framework] [nio-8080-exec-5] o.s.w.s.m.m.a.HttpEntityMethodProcessor  : Using 'application/json', given [*/*] and supported [application/json]
2026-06-11T11:22:18.587+05:30 DEBUG 11320 --- [playwright-framework] [nio-8080-exec-5] o.s.w.s.m.m.a.HttpEntityMethodProcessor  : Writing [TestReportResponse[status=SUCCESS, suiteName=com.automation.playwright_framework.CooDeclarationTestC (truncated)...]
2026-06-11T11:22:18.589+05:30 DEBUG 11320 --- [playwright-framework] [nio-8080-exec-5] o.s.web.servlet.DispatcherServlet        : Completed 200 OK
2026-06-11T11:22:18.736+05:30 DEBUG 11320 --- [playwright-framework] [nio-8080-exec-6] o.s.web.servlet.DispatcherServlet        : GET "/api/reports/latest", parameters={}
2026-06-11T11:22:18.759+05:30 DEBUG 11320 --- [playwright-framework] [nio-8080-exec-6] s.w.s.m.m.a.RequestMappingHandlerMapping : Mapped to com.automation.playwright_framework.TestReportController#latest()
2026-06-11T11:22:18.771+05:30 DEBUG 11320 --- [playwright-framework] [nio-8080-exec-6] o.s.w.s.m.m.a.HttpEntityMethodProcessor  : Using 'application/json', given [*/*] and supported [application/json]
2026-06-11T11:22:18.773+05:30 DEBUG 11320 --- [playwright-framework] [nio-8080-exec-6] o.s.w.s.m.m.a.HttpEntityMethodProcessor  : Writing [TestReportResponse[status=SUCCESS, suiteName=com.automation.playwright_framework.CooDeclarationTestC (truncated)...]
2026-06-11T11:22:18.776+05:30 DEBUG 11320 --- [playwright-framework] [nio-8080-exec-6] o.s.web.servlet.DispatcherServlet        : Completed 200 OK
2026-06-11T11:22:18.952+05:30 DEBUG 11320 --- [playwright-framework] [nio-8080-exec-2] o.s.web.servlet.DispatcherServlet        : GET "/api/reports/latest", parameters={}
2026-06-11T11:22:18.977+05:30 DEBUG 11320 --- [playwright-framework] [nio-8080-exec-2] s.w.s.m.m.a.RequestMappingHandlerMapping : Mapped to com.automation.playwright_framework.TestReportController#latest()
2026-06-11T11:22:18.983+05:30 DEBUG 11320 --- [playwright-framework] [nio-8080-exec-2] o.s.w.s.m.m.a.HttpEntityMethodProcessor  : Using 'application/json', given [*/*] and supported [application/json]
2026-06-11T11:22:18.984+05:30 DEBUG 11320 --- [playwright-framework] [nio-8080-exec-2] o.s.w.s.m.m.a.HttpEntityMethodProcessor  : Writing [TestReportResponse[status=SUCCESS, suiteName=com.automation.playwright_framework.CooDeclarationTestC (truncated)...]
2026-06-11T11:22:18.986+05:30 DEBUG 11320 --- [playwright-framework] [nio-8080-exec-2] o.s.web.servlet.DispatcherServlet        : Completed 200 OK
2026-06-11T11:22:19.159+05:30 DEBUG 11320 --- [playwright-framework] [nio-8080-exec-7] o.s.web.servlet.DispatcherServlet        : GET "/api/reports/latest", parameters={}
2026-06-11T11:22:19.160+05:30 DEBUG 11320 --- [playwright-framework] [nio-8080-exec-7] s.w.s.m.m.a.RequestMappingHandlerMapping : Mapped to com.automation.playwright_framework.TestReportController#latest()
2026-06-11T11:22:19.165+05:30 DEBUG 11320 --- [playwright-framework] [nio-8080-exec-7] o.s.w.s.m.m.a.HttpEntityMethodProcessor  : Using 'application/json', given [*/*] and supported [application/json]
2026-06-11T11:22:19.166+05:30 DEBUG 11320 --- [playwright-framework] [nio-8080-exec-7] o.s.w.s.m.m.a.HttpEntityMethodProcessor  : Writing [TestReportResponse[status=SUCCESS, suiteName=com.automation.playwright_framework.CooDeclarationTestC (truncated)...]
2026-06-11T11:22:19.167+05:30 DEBUG 11320 --- [playwright-framework] [nio-8080-exec-7] o.s.web.servlet.DispatcherServlet        : Completed 200 OK
2026-06-11T11:22:19.392+05:30 DEBUG 11320 --- [playwright-framework] [nio-8080-exec-8] o.s.web.servlet.DispatcherServlet        : GET "/api/reports/latest", parameters={}
2026-06-11T11:22:19.414+05:30 DEBUG 11320 --- [playwright-framework] [nio-8080-exec-8] s.w.s.m.m.a.RequestMappingHandlerMapping : Mapped to com.automation.playwright_framework.TestReportController#latest()
2026-06-11T11:22:19.420+05:30 DEBUG 11320 --- [playwright-framework] [nio-8080-exec-8] o.s.w.s.m.m.a.HttpEntityMethodProcessor  : Using 'application/json', given [*/*] and supported [application/json]
2026-06-11T11:22:19.420+05:30 DEBUG 11320 --- [playwright-framework] [nio-8080-exec-8] o.s.w.s.m.m.a.HttpEntityMethodProcessor  : Writing [TestReportResponse[status=SUCCESS, suiteName=com.automation.playwright_framework.CooDeclarationTestC (truncated)...]
2026-06-11T11:22:19.423+05:30 DEBUG 11320 --- [playwright-framework] [nio-8080-exec-8] o.s.web.servlet.DispatcherServlet        : Completed 200 OK
2026-06-11T11:22:19.603+05:30 DEBUG 11320 --- [playwright-framework] [nio-8080-exec-9] o.s.web.servlet.DispatcherServlet        : GET "/api/reports/latest", parameters={}
2026-06-11T11:22:19.604+05:30 DEBUG 11320 --- [playwright-framework] [nio-8080-exec-9] s.w.s.m.m.a.RequestMappingHandlerMapping : Mapped to com.automation.playwright_framework.TestReportController#latest()
2026-06-11T11:22:19.608+05:30 DEBUG 11320 --- [playwright-framework] [nio-8080-exec-9] o.s.w.s.m.m.a.HttpEntityMethodProcessor  : Using 'application/json', given [*/*] and supported [application/json]
2026-06-11T11:22:19.610+05:30 DEBUG 11320 --- [playwright-framework] [nio-8080-exec-9] o.s.w.s.m.m.a.HttpEntityMethodProcessor  : Writing [TestReportResponse[status=SUCCESS, suiteName=com.automation.playwright_framework.CooDeclarationTestC (truncated)...]
2026-06-11T11:22:19.611+05:30 DEBUG 11320 --- [playwright-framework] [nio-8080-exec-9] o.s.web.servlet.DispatcherServlet        : Completed 200 OK
2026-06-11T11:22:19.809+05:30 DEBUG 11320 --- [playwright-framework] [io-8080-exec-10] o.s.web.servlet.DispatcherServlet        : GET "/api/reports/latest", parameters={}
2026-06-11T11:22:19.811+05:30 DEBUG 11320 --- [playwright-framework] [io-8080-exec-10] s.w.s.m.m.a.RequestMappingHandlerMapping : Mapped to com.automation.playwright_framework.TestReportController#latest()
2026-06-11T11:22:19.824+05:30 DEBUG 11320 --- [playwright-framework] [io-8080-exec-10] o.s.w.s.m.m.a.HttpEntityMethodProcessor  : Using 'application/json', given [*/*] and supported [application/json]
2026-06-11T11:22:19.827+05:30 DEBUG 11320 --- [playwright-framework] [io-8080-exec-10] o.s.w.s.m.m.a.HttpEntityMethodProcessor  : Writing [TestReportResponse[status=SUCCESS, suiteName=com.automation.playwright_framework.CooDeclarationTestC (truncated)...]
2026-06-11T11:22:19.828+05:30 DEBUG 11320 --- [playwright-framework] [io-8080-exec-10] o.s.web.servlet.DispatcherServlet        : Completed 200 OK
2026-06-11T11:22:20.014+05:30 DEBUG 11320 --- [playwright-framework] [nio-8080-exec-1] o.s.web.servlet.DispatcherServlet        : GET "/api/reports/latest", parameters={}
2026-06-11T11:22:20.017+05:30 DEBUG 11320 --- [playwright-framework] [nio-8080-exec-1] s.w.s.m.m.a.RequestMappingHandlerMapping : Mapped to com.automation.playwright_framework.TestReportController#latest()
2026-06-11T11:22:20.022+05:30 DEBUG 11320 --- [playwright-framework] [nio-8080-exec-1] o.s.w.s.m.m.a.HttpEntityMethodProcessor  : Using 'application/json', given [*/*] and supported [application/json]
2026-06-11T11:22:20.023+05:30 DEBUG 11320 --- [playwright-framework] [nio-8080-exec-1] o.s.w.s.m.m.a.HttpEntityMethodProcessor  : Writing [TestReportResponse[status=SUCCESS, suiteName=com.automation.playwright_framework.CooDeclarationTestC (truncated)...]
2026-06-11T11:22:20.024+05:30 DEBUG 11320 --- [playwright-framework] [nio-8080-exec-1] o.s.web.servlet.DispatcherServlet        : Completed 200 OK
2026-06-11T11:22:20.232+05:30 DEBUG 11320 --- [playwright-framework] [nio-8080-exec-3] o.s.web.servlet.DispatcherServlet        : GET "/api/reports/latest", parameters={}
2026-06-11T11:22:20.256+05:30 DEBUG 11320 --- [playwright-framework] [nio-8080-exec-3] s.w.s.m.m.a.RequestMappingHandlerMapping : Mapped to com.automation.playwright_framework.TestReportController#latest()
2026-06-11T11:22:20.263+05:30 DEBUG 11320 --- [playwright-framework] [nio-8080-exec-3] o.s.w.s.m.m.a.HttpEntityMethodProcessor  : Using 'application/json', given [*/*] and supported [application/json]
2026-06-11T11:22:20.264+05:30 DEBUG 11320 --- [playwright-framework] [nio-8080-exec-3] o.s.w.s.m.m.a.HttpEntityMethodProcessor  : Writing [TestReportResponse[status=SUCCESS, suiteName=com.automation.playwright_framework.CooDeclarationTestC (truncated)...]
2026-06-11T11:22:20.265+05:30 DEBUG 11320 --- [playwright-framework] [nio-8080-exec-3] o.s.web.servlet.DispatcherServlet        : Completed 200 OK
2026-06-11T11:22:20.420+05:30 DEBUG 11320 --- [playwright-framework] [nio-8080-exec-4] o.s.web.servlet.DispatcherServlet        : GET "/api/reports/latest", parameters={}
2026-06-11T11:22:20.444+05:30 DEBUG 11320 --- [playwright-framework] [nio-8080-exec-4] s.w.s.m.m.a.RequestMappingHandlerMapping : Mapped to com.automation.playwright_framework.TestReportController#latest()
2026-06-11T11:22:20.450+05:30 DEBUG 11320 --- [playwright-framework] [nio-8080-exec-4] o.s.w.s.m.m.a.HttpEntityMethodProcessor  : Using 'application/json', given [*/*] and supported [application/json]
2026-06-11T11:22:20.450+05:30 DEBUG 11320 --- [playwright-framework] [nio-8080-exec-4] o.s.w.s.m.m.a.HttpEntityMethodProcessor  : Writing [TestReportResponse[status=SUCCESS, suiteName=com.automation.playwright_framework.CooDeclarationTestC (truncated)...]
2026-06-11T11:22:20.453+05:30 DEBUG 11320 --- [playwright-framework] [nio-8080-exec-4] o.s.web.servlet.DispatcherServlet        : Completed 200 OK
2026-06-11T11:22:30.434+05:30 DEBUG 11320 --- [playwright-framework] [nio-8080-exec-5] o.s.web.servlet.DispatcherServlet        : GET "/api/reports/latest", parameters={}
2026-06-11T11:22:30.437+05:30 DEBUG 11320 --- [playwright-framework] [nio-8080-exec-5] s.w.s.m.m.a.RequestMappingHandlerMapping : Mapped to com.automation.playwright_framework.TestReportController#latest()
2026-06-11T11:22:30.443+05:30 DEBUG 11320 --- [playwright-framework] [nio-8080-exec-5] o.s.w.s.m.m.a.HttpEntityMethodProcessor  : Using 'application/json', given [*/*] and supported [application/json]
2026-06-11T11:22:30.444+05:30 DEBUG 11320 --- [playwright-framework] [nio-8080-exec-5] o.s.w.s.m.m.a.HttpEntityMethodProcessor  : Writing [TestReportResponse[status=SUCCESS, suiteName=com.automation.playwright_framework.CooDeclarationTestC (truncated)...]
2026-06-11T11:22:30.445+05:30 DEBUG 11320 --- [playwright-framework] [nio-8080-exec-5] o.s.web.servlet.DispatcherServlet        : Completed 200 OK
2026-06-11T11:22:40.424+05:30 DEBUG 11320 --- [playwright-framework] [nio-8080-exec-6] o.s.web.servlet.DispatcherServlet        : GET "/api/reports/latest", parameters={}
2026-06-11T11:22:40.447+05:30 DEBUG 11320 --- [playwright-framework] [nio-8080-exec-6] s.w.s.m.m.a.RequestMappingHandlerMapping : Mapped to com.automation.playwright_framework.TestReportController#latest()
2026-06-11T11:22:40.452+05:30 DEBUG 11320 --- [playwright-framework] [nio-8080-exec-6] o.s.w.s.m.m.a.HttpEntityMethodProcessor  : Using 'application/json', given [*/*] and supported [application/json]
2026-06-11T11:22:40.452+05:30 DEBUG 11320 --- [playwright-framework] [nio-8080-exec-6] o.s.w.s.m.m.a.HttpEntityMethodProcessor  : Writing [TestReportResponse[status=SUCCESS, suiteName=com.automation.playwright_framework.CooDeclarationTestC (truncated)...]
2026-06-11T11:22:40.454+05:30 DEBUG 11320 --- [playwright-framework] [nio-8080-exec-6] o.s.web.servlet.DispatcherServlet        : Completed 200 OK
2026-06-11T11:22:50.436+05:30 DEBUG 11320 --- [playwright-framework] [nio-8080-exec-2] o.s.web.servlet.DispatcherServlet        : GET "/api/reports/latest", parameters={}
2026-06-11T11:22:50.460+05:30 DEBUG 11320 --- [playwright-framework] [nio-8080-exec-2] s.w.s.m.m.a.RequestMappingHandlerMapping : Mapped to com.automation.playwright_framework.TestReportController#latest()
2026-06-11T11:22:50.466+05:30 DEBUG 11320 --- [playwright-framework] [nio-8080-exec-2] o.s.w.s.m.m.a.HttpEntityMethodProcessor  : Using 'application/json', given [*/*] and supported [application/json]
2026-06-11T11:22:50.468+05:30 DEBUG 11320 --- [playwright-framework] [nio-8080-exec-2] o.s.w.s.m.m.a.HttpEntityMethodProcessor  : Writing [TestReportResponse[status=SUCCESS, suiteName=com.automation.playwright_framework.CooDeclarationTestC (truncated)...]
2026-06-11T11:22:50.469+05:30 DEBUG 11320 --- [playwright-framework] [nio-8080-exec-2] o.s.web.servlet.DispatcherServlet        : Completed 200 OK
2026-06-11T11:23:00.432+05:30 DEBUG 11320 --- [playwright-framework] [nio-8080-exec-7] o.s.web.servlet.DispatcherServlet        : GET "/api/reports/latest", parameters={}
2026-06-11T11:23:00.433+05:30 DEBUG 11320 --- [playwright-framework] [nio-8080-exec-7] s.w.s.m.m.a.RequestMappingHandlerMapping : Mapped to com.automation.playwright_framework.TestReportController#latest()
2026-06-11T11:23:00.438+05:30 DEBUG 11320 --- [playwright-framework] [nio-8080-exec-7] o.s.w.s.m.m.a.HttpEntityMethodProcessor  : Using 'application/json', given [*/*] and supported [application/json]
2026-06-11T11:23:00.440+05:30 DEBUG 11320 --- [playwright-framework] [nio-8080-exec-7] o.s.w.s.m.m.a.HttpEntityMethodProcessor  : Writing [TestReportResponse[status=SUCCESS, suiteName=com.automation.playwright_framework.CooDeclarationTestC (truncated)...]
2026-06-11T11:23:00.441+05:30 DEBUG 11320 --- [playwright-framework] [nio-8080-exec-7] o.s.web.servlet.DispatcherServlet        : Completed 200 OK
2026-06-11T11:23:10.428+05:30 DEBUG 11320 --- [playwright-framework] [nio-8080-exec-8] o.s.web.servlet.DispatcherServlet        : GET "/api/reports/latest", parameters={}
2026-06-11T11:23:10.451+05:30 DEBUG 11320 --- [playwright-framework] [nio-8080-exec-8] s.w.s.m.m.a.RequestMappingHandlerMapping : Mapped to com.automation.playwright_framework.TestReportController#latest()
2026-06-11T11:23:10.456+05:30 DEBUG 11320 --- [playwright-framework] [nio-8080-exec-8] o.s.w.s.m.m.a.HttpEntityMethodProcessor  : Using 'application/json', given [*/*] and supported [application/json]
2026-06-11T11:23:10.457+05:30 DEBUG 11320 --- [playwright-framework] [nio-8080-exec-8] o.s.w.s.m.m.a.HttpEntityMethodProcessor  : Writing [TestReportResponse[status=SUCCESS, suiteName=com.automation.playwright_framework.CooDeclarationTestC (truncated)...]
2026-06-11T11:23:10.461+05:30 DEBUG 11320 --- [playwright-framework] [nio-8080-exec-8] o.s.web.servlet.DispatcherServlet        : Completed 200 OK
2026-06-11T11:23:20.436+05:30 DEBUG 11320 --- [playwright-framework] [io-8080-exec-10] o.s.web.servlet.DispatcherServlet        : GET "/api/reports/latest", parameters={}
2026-06-11T11:23:20.439+05:30 DEBUG 11320 --- [playwright-framework] [io-8080-exec-10] s.w.s.m.m.a.RequestMappingHandlerMapping : Mapped to com.automation.playwright_framework.TestReportController#latest()
2026-06-11T11:23:20.443+05:30 DEBUG 11320 --- [playwright-framework] [io-8080-exec-10] o.s.w.s.m.m.a.HttpEntityMethodProcessor  : Using 'application/json', given [*/*] and supported [application/json]
2026-06-11T11:23:20.445+05:30 DEBUG 11320 --- [playwright-framework] [io-8080-exec-10] o.s.w.s.m.m.a.HttpEntityMethodProcessor  : Writing [TestReportResponse[status=SUCCESS, suiteName=com.automation.playwright_framework.CooDeclarationTestC (truncated)...]
2026-06-11T11:23:20.446+05:30 DEBUG 11320 --- [playwright-framework] [io-8080-exec-10] o.s.web.servlet.DispatcherServlet        : Completed 200 OK
2026-06-11T11:23:30.431+05:30 DEBUG 11320 --- [playwright-framework] [nio-8080-exec-1] o.s.web.servlet.DispatcherServlet        : GET "/api/reports/latest", parameters={}
2026-06-11T11:23:30.433+05:30 DEBUG 11320 --- [playwright-framework] [nio-8080-exec-1] s.w.s.m.m.a.RequestMappingHandlerMapping : Mapped to com.automation.playwright_framework.TestReportController#latest()
2026-06-11T11:23:30.436+05:30 DEBUG 11320 --- [playwright-framework] [nio-8080-exec-1] o.s.w.s.m.m.a.HttpEntityMethodProcessor  : Using 'application/json', given [*/*] and supported [application/json]
2026-06-11T11:23:30.437+05:30 DEBUG 11320 --- [playwright-framework] [nio-8080-exec-1] o.s.w.s.m.m.a.HttpEntityMethodProcessor  : Writing [TestReportResponse[status=SUCCESS, suiteName=com.automation.playwright_framework.CooDeclarationTestC (truncated)...]
2026-06-11T11:23:30.438+05:30 DEBUG 11320 --- [playwright-framework] [nio-8080-exec-1] o.s.web.servlet.DispatcherServlet        : Completed 200 OK
2026-06-11T11:23:40.431+05:30 DEBUG 11320 --- [playwright-framework] [nio-8080-exec-3] o.s.web.servlet.DispatcherServlet        : GET "/api/reports/latest", parameters={}
2026-06-11T11:23:40.432+05:30 DEBUG 11320 --- [playwright-framework] [nio-8080-exec-3] s.w.s.m.m.a.RequestMappingHandlerMapping : Mapped to com.automation.playwright_framework.TestReportController#latest()
2026-06-11T11:23:40.436+05:30 DEBUG 11320 --- [playwright-framework] [nio-8080-exec-3] o.s.w.s.m.m.a.HttpEntityMethodProcessor  : Using 'application/json', given [*/*] and supported [application/json]
2026-06-11T11:23:40.438+05:30 DEBUG 11320 --- [playwright-framework] [nio-8080-exec-3] o.s.w.s.m.m.a.HttpEntityMethodProcessor  : Writing [TestReportResponse[status=SUCCESS, suiteName=com.automation.playwright_framework.CooDeclarationTestC (truncated)...]
2026-06-11T11:23:40.439+05:30 DEBUG 11320 --- [playwright-framework] [nio-8080-exec-3] o.s.web.servlet.DispatcherServlet        : Completed 200 OK
2026-06-11T11:23:50.434+05:30 DEBUG 11320 --- [playwright-framework] [nio-8080-exec-4] o.s.web.servlet.DispatcherServlet        : GET "/api/reports/latest", parameters={}
2026-06-11T11:23:50.458+05:30 DEBUG 11320 --- [playwright-framework] [nio-8080-exec-4] s.w.s.m.m.a.RequestMappingHandlerMapping : Mapped to com.automation.playwright_framework.TestReportController#latest()
2026-06-11T11:23:50.462+05:30 DEBUG 11320 --- [playwright-framework] [nio-8080-exec-4] o.s.w.s.m.m.a.HttpEntityMethodProcessor  : Using 'application/json', given [*/*] and supported [application/json]
2026-06-11T11:23:50.468+05:30 DEBUG 11320 --- [playwright-framework] [nio-8080-exec-4] o.s.w.s.m.m.a.HttpEntityMethodProcessor  : Writing [TestReportResponse[status=SUCCESS, suiteName=com.automation.playwright_framework.CooDeclarationTestC (truncated)...]
2026-06-11T11:23:50.470+05:30 DEBUG 11320 --- [playwright-framework] [nio-8080-exec-4] o.s.web.servlet.DispatcherServlet        : Completed 200 OK
2026-06-11T11:24:00.429+05:30 DEBUG 11320 --- [playwright-framework] [nio-8080-exec-5] o.s.web.servlet.DispatcherServlet        : GET "/api/reports/latest", parameters={}
2026-06-11T11:24:00.430+05:30 DEBUG 11320 --- [playwright-framework] [nio-8080-exec-5] s.w.s.m.m.a.RequestMappingHandlerMapping : Mapped to com.automation.playwright_framework.TestReportController#latest()
2026-06-11T11:24:00.434+05:30 DEBUG 11320 --- [playwright-framework] [nio-8080-exec-5] o.s.w.s.m.m.a.HttpEntityMethodProcessor  : Using 'application/json', given [*/*] and supported [application/json]
2026-06-11T11:24:00.435+05:30 DEBUG 11320 --- [playwright-framework] [nio-8080-exec-5] o.s.w.s.m.m.a.HttpEntityMethodProcessor  : Writing [TestReportResponse[status=SUCCESS, suiteName=com.automation.playwright_framework.CooDeclarationTestC (truncated)...]
2026-06-11T11:24:00.436+05:30 DEBUG 11320 --- [playwright-framework] [nio-8080-exec-5] o.s.web.servlet.DispatcherServlet        : Completed 200 OK
2026-06-11T11:24:10.433+05:30 DEBUG 11320 --- [playwright-framework] [nio-8080-exec-6] o.s.web.servlet.DispatcherServlet        : GET "/api/reports/latest", parameters={}
2026-06-11T11:24:10.452+05:30 DEBUG 11320 --- [playwright-framework] [nio-8080-exec-6] s.w.s.m.m.a.RequestMappingHandlerMapping : Mapped to com.automation.playwright_framework.TestReportController#latest()
2026-06-11T11:24:10.460+05:30 DEBUG 11320 --- [playwright-framework] [nio-8080-exec-6] o.s.w.s.m.m.a.HttpEntityMethodProcessor  : Using 'application/json', given [*/*] and supported [application/json]
2026-06-11T11:24:10.461+05:30 DEBUG 11320 --- [playwright-framework] [nio-8080-exec-6] o.s.w.s.m.m.a.HttpEntityMethodProcessor  : Writing [TestReportResponse[status=SUCCESS, suiteName=com.automation.playwright_framework.CooDeclarationTestC (truncated)...]
2026-06-11T11:24:10.462+05:30 DEBUG 11320 --- [playwright-framework] [nio-8080-exec-6] o.s.web.servlet.DispatcherServlet        : Completed 200 OK
2026-06-11T11:24:20.428+05:30 DEBUG 11320 --- [playwright-framework] [nio-8080-exec-2] o.s.web.servlet.DispatcherServlet        : GET "/api/reports/latest", parameters={}
2026-06-11T11:24:20.454+05:30 DEBUG 11320 --- [playwright-framework] [nio-8080-exec-2] s.w.s.m.m.a.RequestMappingHandlerMapping : Mapped to com.automation.playwright_framework.TestReportController#latest()
2026-06-11T11:24:20.520+05:30 DEBUG 11320 --- [playwright-framework] [nio-8080-exec-2] o.s.w.s.m.m.a.HttpEntityMethodProcessor  : Using 'application/json', given [*/*] and supported [application/json]
2026-06-11T11:24:20.522+05:30 DEBUG 11320 --- [playwright-framework] [nio-8080-exec-2] o.s.w.s.m.m.a.HttpEntityMethodProcessor  : Writing [TestReportResponse[status=FAILURE, suiteName=com.automation.playwright_framework.CooDeclarationTestC (truncated)...]
2026-06-11T11:24:20.525+05:30 DEBUG 11320 --- [playwright-framework] [nio-8080-exec-2] o.s.web.servlet.DispatcherServlet        : Completed 200 OK
2026-06-11T11:24:30.429+05:30 DEBUG 11320 --- [playwright-framework] [nio-8080-exec-7] o.s.web.servlet.DispatcherServlet        : GET "/api/reports/latest", parameters={}
2026-06-11T11:24:30.432+05:30 DEBUG 11320 --- [playwright-framework] [nio-8080-exec-7] s.w.s.m.m.a.RequestMappingHandlerMapping : Mapped to com.automation.playwright_framework.TestReportController#latest()
2026-06-11T11:24:30.462+05:30 DEBUG 11320 --- [playwright-framework] [nio-8080-exec-7] o.s.w.s.m.m.a.HttpEntityMethodProcessor  : Using 'application/json', given [*/*] and supported [application/json]
2026-06-11T11:24:30.463+05:30 DEBUG 11320 --- [playwright-framework] [nio-8080-exec-7] o.s.w.s.m.m.a.HttpEntityMethodProcessor  : Writing [TestReportResponse[status=FAILURE, suiteName=com.automation.playwright_framework.CooDeclarationTestC (truncated)...]
2026-06-11T11:24:30.464+05:30 DEBUG 11320 --- [playwright-framework] [nio-8080-exec-7] o.s.web.servlet.DispatcherServlet        : Completed 200 OK
2026-06-11T11:24:30.852+05:30 DEBUG 11320 --- [playwright-framework] [nio-8080-exec-8] o.s.web.servlet.DispatcherServlet        : GET "/api/reports/latest", parameters={}
2026-06-11T11:24:30.870+05:30 DEBUG 11320 --- [playwright-framework] [nio-8080-exec-8] s.w.s.m.m.a.RequestMappingHandlerMapping : Mapped to com.automation.playwright_framework.TestReportController#latest()
2026-06-11T11:24:30.877+05:30 DEBUG 11320 --- [playwright-framework] [nio-8080-exec-8] o.s.w.s.m.m.a.HttpEntityMethodProcessor  : Using 'application/json', given [*/*] and supported [application/json]
2026-06-11T11:24:30.878+05:30 DEBUG 11320 --- [playwright-framework] [nio-8080-exec-8] o.s.w.s.m.m.a.HttpEntityMethodProcessor  : Writing [TestReportResponse[status=FAILURE, suiteName=com.automation.playwright_framework.CooDeclarationTestC (truncated)...]
2026-06-11T11:24:30.880+05:30 DEBUG 11320 --- [playwright-framework] [nio-8080-exec-8] o.s.web.servlet.DispatcherServlet        : Completed 200 OK
2026-06-11T11:24:32.355+05:30 DEBUG 11320 --- [playwright-framework] [nio-8080-exec-9] o.s.web.servlet.DispatcherServlet        : GET "/api/reports/latest", parameters={}
2026-06-11T11:24:32.379+05:30 DEBUG 11320 --- [playwright-framework] [nio-8080-exec-9] s.w.s.m.m.a.RequestMappingHandlerMapping : Mapped to com.automation.playwright_framework.TestReportController#latest()
2026-06-11T11:24:32.388+05:30 DEBUG 11320 --- [playwright-framework] [nio-8080-exec-9] o.s.w.s.m.m.a.HttpEntityMethodProcessor  : Using 'application/json', given [*/*] and supported [application/json]
2026-06-11T11:24:32.390+05:30 DEBUG 11320 --- [playwright-framework] [nio-8080-exec-9] o.s.w.s.m.m.a.HttpEntityMethodProcessor  : Writing [TestReportResponse[status=FAILURE, suiteName=com.automation.playwright_framework.CooDeclarationTestC (truncated)...]
2026-06-11T11:24:32.392+05:30 DEBUG 11320 --- [playwright-framework] [nio-8080-exec-9] o.s.web.servlet.DispatcherServlet        : Completed 200 OK
2026-06-11T11:24:32.650+05:30 DEBUG 11320 --- [playwright-framework] [io-8080-exec-10] o.s.web.servlet.DispatcherServlet        : GET "/api/reports/latest", parameters={}
2026-06-11T11:24:32.673+05:30 DEBUG 11320 --- [playwright-framework] [io-8080-exec-10] s.w.s.m.m.a.RequestMappingHandlerMapping : Mapped to com.automation.playwright_framework.TestReportController#latest()
2026-06-11T11:24:32.680+05:30 DEBUG 11320 --- [playwright-framework] [io-8080-exec-10] o.s.w.s.m.m.a.HttpEntityMethodProcessor  : Using 'application/json', given [*/*] and supported [application/json]
2026-06-11T11:24:32.681+05:30 DEBUG 11320 --- [playwright-framework] [io-8080-exec-10] o.s.w.s.m.m.a.HttpEntityMethodProcessor  : Writing [TestReportResponse[status=FAILURE, suiteName=com.automation.playwright_framework.CooDeclarationTestC (truncated)...]
2026-06-11T11:24:32.683+05:30 DEBUG 11320 --- [playwright-framework] [io-8080-exec-10] o.s.web.servlet.DispatcherServlet        : Completed 200 OK
2026-06-11T11:24:32.970+05:30 DEBUG 11320 --- [playwright-framework] [nio-8080-exec-1] o.s.web.servlet.DispatcherServlet        : GET "/api/reports/latest", parameters={}
2026-06-11T11:24:32.972+05:30 DEBUG 11320 --- [playwright-framework] [nio-8080-exec-1] s.w.s.m.m.a.RequestMappingHandlerMapping : Mapped to com.automation.playwright_framework.TestReportController#latest()
2026-06-11T11:24:32.978+05:30 DEBUG 11320 --- [playwright-framework] [nio-8080-exec-1] o.s.w.s.m.m.a.HttpEntityMethodProcessor  : Using 'application/json', given [*/*] and supported [application/json]
2026-06-11T11:24:32.979+05:30 DEBUG 11320 --- [playwright-framework] [nio-8080-exec-1] o.s.w.s.m.m.a.HttpEntityMethodProcessor  : Writing [TestReportResponse[status=FAILURE, suiteName=com.automation.playwright_framework.CooDeclarationTestC (truncated)...]
2026-06-11T11:24:32.980+05:30 DEBUG 11320 --- [playwright-framework] [nio-8080-exec-1] o.s.web.servlet.DispatcherServlet        : Completed 200 OK
2026-06-11T11:24:42.975+05:30 DEBUG 11320 --- [playwright-framework] [nio-8080-exec-3] o.s.web.servlet.DispatcherServlet        : GET "/api/reports/latest", parameters={}
2026-06-11T11:24:42.977+05:30 DEBUG 11320 --- [playwright-framework] [nio-8080-exec-3] s.w.s.m.m.a.RequestMappingHandlerMapping : Mapped to com.automation.playwright_framework.TestReportController#latest()
2026-06-11T11:24:42.985+05:30 DEBUG 11320 --- [playwright-framework] [nio-8080-exec-3] o.s.w.s.m.m.a.HttpEntityMethodProcessor  : Using 'application/json', given [*/*] and supported [application/json]
2026-06-11T11:24:42.986+05:30 DEBUG 11320 --- [playwright-framework] [nio-8080-exec-3] o.s.w.s.m.m.a.HttpEntityMethodProcessor  : Writing [TestReportResponse[status=FAILURE, suiteName=com.automation.playwright_framework.CooDeclarationTestC (truncated)...]
2026-06-11T11:24:42.988+05:30 DEBUG 11320 --- [playwright-framework] [nio-8080-exec-3] o.s.web.servlet.DispatcherServlet        : Completed 200 OK
2026-06-11T11:24:53.439+05:30 DEBUG 11320 --- [playwright-framework] [nio-8080-exec-4] o.s.web.servlet.DispatcherServlet        : GET "/api/reports/latest", parameters={}
2026-06-11T11:24:53.461+05:30 DEBUG 11320 --- [playwright-framework] [nio-8080-exec-4] s.w.s.m.m.a.RequestMappingHandlerMapping : Mapped to com.automation.playwright_framework.TestReportController#latest()
2026-06-11T11:24:53.465+05:30 DEBUG 11320 --- [playwright-framework] [nio-8080-exec-4] o.s.w.s.m.m.a.HttpEntityMethodProcessor  : Using 'application/json', given [*/*] and supported [application/json]
2026-06-11T11:24:53.465+05:30 DEBUG 11320 --- [playwright-framework] [nio-8080-exec-4] o.s.w.s.m.m.a.HttpEntityMethodProcessor  : Writing [TestReportResponse[status=FAILURE, suiteName=com.automation.playwright_framework.CooDeclarationTestC (truncated)...]
2026-06-11T11:24:53.467+05:30 DEBUG 11320 --- [playwright-framework] [nio-8080-exec-4] o.s.web.servlet.DispatcherServlet        : Completed 200 OK
2026-06-11T11:25:02.981+05:30 DEBUG 11320 --- [playwright-framework] [nio-8080-exec-5] o.s.web.servlet.DispatcherServlet        : GET "/api/reports/latest", parameters={}
2026-06-11T11:25:03.006+05:30 DEBUG 11320 --- [playwright-framework] [nio-8080-exec-5] s.w.s.m.m.a.RequestMappingHandlerMapping : Mapped to com.automation.playwright_framework.TestReportController#latest()
2026-06-11T11:25:03.014+05:30 DEBUG 11320 --- [playwright-framework] [nio-8080-exec-5] o.s.w.s.m.m.a.HttpEntityMethodProcessor  : Using 'application/json', given [*/*] and supported [application/json]
2026-06-11T11:25:03.015+05:30 DEBUG 11320 --- [playwright-framework] [nio-8080-exec-5] o.s.w.s.m.m.a.HttpEntityMethodProcessor  : Writing [TestReportResponse[status=FAILURE, suiteName=com.automation.playwright_framework.CooDeclarationTestC (truncated)...]
2026-06-11T11:25:03.016+05:30 DEBUG 11320 --- [playwright-framework] [nio-8080-exec-5] o.s.web.servlet.DispatcherServlet        : Completed 200 OK
2026-06-11T11:25:06.689+05:30 DEBUG 11320 --- [playwright-framework] [nio-8080-exec-6] o.s.web.servlet.DispatcherServlet        : GET "/", parameters={}
2026-06-11T11:25:06.690+05:30 DEBUG 11320 --- [playwright-framework] [nio-8080-exec-6] o.s.w.s.handler.SimpleUrlHandlerMapping  : Mapped to ResourceHttpRequestHandler [classpath [META-INF/resources/], classpath [resources/], classpath [static/], classpath [public/], ServletContext [/]]
2026-06-11T11:25:06.710+05:30 DEBUG 11320 --- [playwright-framework] [nio-8080-exec-6] o.s.w.s.r.ResourceHttpRequestHandler     : Ignoring invalid resource path []
2026-06-11T11:25:06.711+05:30 DEBUG 11320 --- [playwright-framework] [nio-8080-exec-6] .w.s.m.s.DefaultHandlerExceptionResolver : Resolved [org.springframework.web.servlet.resource.NoResourceFoundException: No static resource  for request '/'.]
2026-06-11T11:25:06.712+05:30 DEBUG 11320 --- [playwright-framework] [nio-8080-exec-6] o.s.web.servlet.DispatcherServlet        : Completed 404 NOT_FOUND
2026-06-11T11:25:06.712+05:30 DEBUG 11320 --- [playwright-framework] [nio-8080-exec-6] o.s.web.servlet.DispatcherServlet        : "ERROR" dispatch for GET "/error", parameters={}
2026-06-11T11:25:06.713+05:30 DEBUG 11320 --- [playwright-framework] [nio-8080-exec-6] s.w.s.m.m.a.RequestMappingHandlerMapping : Mapped to org.springframework.boot.webmvc.autoconfigure.error.BasicErrorController#error(HttpServletRequest)
2026-06-11T11:25:06.715+05:30 DEBUG 11320 --- [playwright-framework] [nio-8080-exec-6] o.s.w.s.m.m.a.HttpEntityMethodProcessor  : Using 'application/json', given [*/*] and supported [application/json, application/*+json]
2026-06-11T11:25:06.715+05:30 DEBUG 11320 --- [playwright-framework] [nio-8080-exec-6] o.s.w.s.m.m.a.HttpEntityMethodProcessor  : Writing [{timestamp=Thu Jun 11 11:25:06 IST 2026, status=404, error=Not Found, trace=org.springframework.web. (truncated)...]
2026-06-11T11:25:06.716+05:30 DEBUG 11320 --- [playwright-framework] [nio-8080-exec-6] o.s.web.servlet.DispatcherServlet        : Exiting from "ERROR" dispatch, status 404
2026-06-11T11:25:13.435+05:30 DEBUG 11320 --- [playwright-framework] [nio-8080-exec-2] o.s.web.servlet.DispatcherServlet        : GET "/api/reports/latest", parameters={}
2026-06-11T11:25:13.458+05:30 DEBUG 11320 --- [playwright-framework] [nio-8080-exec-2] s.w.s.m.m.a.RequestMappingHandlerMapping : Mapped to com.automation.playwright_framework.TestReportController#latest()
2026-06-11T11:25:13.465+05:30 DEBUG 11320 --- [playwright-framework] [nio-8080-exec-2] o.s.w.s.m.m.a.HttpEntityMethodProcessor  : Using 'application/json', given [*/*] and supported [application/json]
2026-06-11T11:25:13.465+05:30 DEBUG 11320 --- [playwright-framework] [nio-8080-exec-2] o.s.w.s.m.m.a.HttpEntityMethodProcessor  : Writing [TestReportResponse[status=FAILURE, suiteName=com.automation.playwright_framework.CooDeclarationTestC (truncated)...]
2026-06-11T11:25:13.466+05:30 DEBUG 11320 --- [playwright-framework] [nio-8080-exec-2] o.s.web.servlet.DispatcherServlet        : Completed 200 OK
2026-06-11T11:25:23.438+05:30 DEBUG 11320 --- [playwright-framework] [nio-8080-exec-7] o.s.web.servlet.DispatcherServlet        : GET "/api/reports/latest", parameters={}
2026-06-11T11:25:23.466+05:30 DEBUG 11320 --- [playwright-framework] [nio-8080-exec-7] s.w.s.m.m.a.RequestMappingHandlerMapping : Mapped to com.automation.playwright_framework.TestReportController#latest()
2026-06-11T11:25:23.475+05:30 DEBUG 11320 --- [playwright-framework] [nio-8080-exec-7] o.s.w.s.m.m.a.HttpEntityMethodProcessor  : Using 'application/json', given [*/*] and supported [application/json]
2026-06-11T11:25:23.476+05:30 DEBUG 11320 --- [playwright-framework] [nio-8080-exec-7] o.s.w.s.m.m.a.HttpEntityMethodProcessor  : Writing [TestReportResponse[status=FAILURE, suiteName=com.automation.playwright_framework.CooDeclarationTestC (truncated)...]
2026-06-11T11:25:23.478+05:30 DEBUG 11320 --- [playwright-framework] [nio-8080-exec-7] o.s.web.servlet.DispatcherServlet        : Completed 200 OK
2026-06-11T11:25:33.441+05:30 DEBUG 11320 --- [playwright-framework] [nio-8080-exec-8] o.s.web.servlet.DispatcherServlet        : GET "/api/reports/latest", parameters={}
2026-06-11T11:25:33.464+05:30 DEBUG 11320 --- [playwright-framework] [nio-8080-exec-8] s.w.s.m.m.a.RequestMappingHandlerMapping : Mapped to com.automation.playwright_framework.TestReportController#latest()
2026-06-11T11:25:33.468+05:30 DEBUG 11320 --- [playwright-framework] [nio-8080-exec-8] o.s.w.s.m.m.a.HttpEntityMethodProcessor  : Using 'application/json', given [*/*] and supported [application/json]
2026-06-11T11:25:33.470+05:30 DEBUG 11320 --- [playwright-framework] [nio-8080-exec-8] o.s.w.s.m.m.a.HttpEntityMethodProcessor  : Writing [TestReportResponse[status=FAILURE, suiteName=com.automation.playwright_framework.CooDeclarationTestC (truncated)...]
2026-06-11T11:25:33.471+05:30 DEBUG 11320 --- [playwright-framework] [nio-8080-exec-8] o.s.web.servlet.DispatcherServlet        : Completed 200 OK
2026-06-11T11:25:43.440+05:30 DEBUG 11320 --- [playwright-framework] [nio-8080-exec-9] o.s.web.servlet.DispatcherServlet        : GET "/api/reports/latest", parameters={}
2026-06-11T11:25:43.442+05:30 DEBUG 11320 --- [playwright-framework] [nio-8080-exec-9] s.w.s.m.m.a.RequestMappingHandlerMapping : Mapped to com.automation.playwright_framework.TestReportController#latest()
2026-06-11T11:25:43.450+05:30 DEBUG 11320 --- [playwright-framework] [nio-8080-exec-9] o.s.w.s.m.m.a.HttpEntityMethodProcessor  : Using 'application/json', given [*/*] and supported [application/json]
2026-06-11T11:25:43.450+05:30 DEBUG 11320 --- [playwright-framework] [nio-8080-exec-9] o.s.w.s.m.m.a.HttpEntityMethodProcessor  : Writing [TestReportResponse[status=FAILURE, suiteName=com.automation.playwright_framework.CooDeclarationTestC (truncated)...]
2026-06-11T11:25:43.454+05:30 DEBUG 11320 --- [playwright-framework] [nio-8080-exec-9] o.s.web.servlet.DispatcherServlet        : Completed 200 OK
2026-06-11T11:25:53.441+05:30 DEBUG 11320 --- [playwright-framework] [io-8080-exec-10] o.s.web.servlet.DispatcherServlet        : GET "/api/reports/latest", parameters={}
2026-06-11T11:25:53.442+05:30 DEBUG 11320 --- [playwright-framework] [io-8080-exec-10] s.w.s.m.m.a.RequestMappingHandlerMapping : Mapped to com.automation.playwright_framework.TestReportController#latest()
2026-06-11T11:25:53.449+05:30 DEBUG 11320 --- [playwright-framework] [io-8080-exec-10] o.s.w.s.m.m.a.HttpEntityMethodProcessor  : Using 'application/json', given [*/*] and supported [application/json]
2026-06-11T11:25:53.449+05:30 DEBUG 11320 --- [playwright-framework] [io-8080-exec-10] o.s.w.s.m.m.a.HttpEntityMethodProcessor  : Writing [TestReportResponse[status=FAILURE, suiteName=com.automation.playwright_framework.CooDeclarationTestC (truncated)...]
2026-06-11T11:25:53.450+05:30 DEBUG 11320 --- [playwright-framework] [io-8080-exec-10] o.s.web.servlet.DispatcherServlet        : Completed 200 OK
2026-06-11T11:26:03.441+05:30 DEBUG 11320 --- [playwright-framework] [nio-8080-exec-1] o.s.web.servlet.DispatcherServlet        : GET "/api/reports/latest", parameters={}
2026-06-11T11:26:03.465+05:30 DEBUG 11320 --- [playwright-framework] [nio-8080-exec-1] s.w.s.m.m.a.RequestMappingHandlerMapping : Mapped to com.automation.playwright_framework.TestReportController#latest()
2026-06-11T11:26:03.476+05:30 DEBUG 11320 --- [playwright-framework] [nio-8080-exec-1] o.s.w.s.m.m.a.HttpEntityMethodProcessor  : Using 'application/json', given [*/*] and supported [application/json]
2026-06-11T11:26:03.477+05:30 DEBUG 11320 --- [playwright-framework] [nio-8080-exec-1] o.s.w.s.m.m.a.HttpEntityMethodProcessor  : Writing [TestReportResponse[status=FAILURE, suiteName=com.automation.playwright_framework.CooDeclarationTestC (truncated)...]
2026-06-11T11:26:03.479+05:30 DEBUG 11320 --- [playwright-framework] [nio-8080-exec-1] o.s.web.servlet.DispatcherServlet        : Completed 200 OK
2026-06-11T11:26:19.451+05:30 DEBUG 11320 --- [playwright-framework] [nio-8080-exec-3] o.s.web.servlet.DispatcherServlet        : GET "/api/reports/latest", parameters={}
2026-06-11T11:26:19.474+05:30 DEBUG 11320 --- [playwright-framework] [nio-8080-exec-3] s.w.s.m.m.a.RequestMappingHandlerMapping : Mapped to com.automation.playwright_framework.TestReportController#latest()
2026-06-11T11:26:19.483+05:30 DEBUG 11320 --- [playwright-framework] [nio-8080-exec-3] o.s.w.s.m.m.a.HttpEntityMethodProcessor  : Using 'application/json', given [*/*] and supported [application/json]
2026-06-11T11:26:19.484+05:30 DEBUG 11320 --- [playwright-framework] [nio-8080-exec-3] o.s.w.s.m.m.a.HttpEntityMethodProcessor  : Writing [TestReportResponse[status=FAILURE, suiteName=com.automation.playwright_framework.CooDeclarationTestC (truncated)...]
2026-06-11T11:26:19.487+05:30 DEBUG 11320 --- [playwright-framework] [nio-8080-exec-3] o.s.web.servlet.DispatcherServlet        : Completed 200 OK
2026-06-11T11:27:19.450+05:30 DEBUG 11320 --- [playwright-framework] [nio-8080-exec-4] o.s.web.servlet.DispatcherServlet        : GET "/api/reports/latest", parameters={}
2026-06-11T11:27:19.452+05:30 DEBUG 11320 --- [playwright-framework] [nio-8080-exec-4] s.w.s.m.m.a.RequestMappingHandlerMapping : Mapped to com.automation.playwright_framework.TestReportController#latest()
2026-06-11T11:27:19.456+05:30 DEBUG 11320 --- [playwright-framework] [nio-8080-exec-4] o.s.w.s.m.m.a.HttpEntityMethodProcessor  : Using 'application/json', given [*/*] and supported [application/json]
2026-06-11T11:27:19.457+05:30 DEBUG 11320 --- [playwright-framework] [nio-8080-exec-4] o.s.w.s.m.m.a.HttpEntityMethodProcessor  : Writing [TestReportResponse[status=FAILURE, suiteName=com.automation.playwright_framework.CooDeclarationTestC (truncated)...]
2026-06-11T11:27:19.457+05:30 DEBUG 11320 --- [playwright-framework] [nio-8080-exec-4] o.s.web.servlet.DispatcherServlet        : Completed 200 OK
2026-06-11T11:28:19.442+05:30 DEBUG 11320 --- [playwright-framework] [nio-8080-exec-5] o.s.web.servlet.DispatcherServlet        : GET "/api/reports/latest", parameters={}
2026-06-11T11:28:19.466+05:30 DEBUG 11320 --- [playwright-framework] [nio-8080-exec-5] s.w.s.m.m.a.RequestMappingHandlerMapping : Mapped to com.automation.playwright_framework.TestReportController#latest()
2026-06-11T11:28:19.471+05:30 DEBUG 11320 --- [playwright-framework] [nio-8080-exec-5] o.s.w.s.m.m.a.HttpEntityMethodProcessor  : Using 'application/json', given [*/*] and supported [application/json]
2026-06-11T11:28:19.472+05:30 DEBUG 11320 --- [playwright-framework] [nio-8080-exec-5] o.s.w.s.m.m.a.HttpEntityMethodProcessor  : Writing [TestReportResponse[status=FAILURE, suiteName=com.automation.playwright_framework.CooDeclarationTestC (truncated)...]
2026-06-11T11:28:19.474+05:30 DEBUG 11320 --- [playwright-framework] [nio-8080-exec-5] o.s.web.servlet.DispatcherServlet        : Completed 200 OK
2026-06-11T11:29:19.438+05:30 DEBUG 11320 --- [playwright-framework] [nio-8080-exec-6] o.s.web.servlet.DispatcherServlet        : GET "/api/reports/latest", parameters={}
2026-06-11T11:29:19.462+05:30 DEBUG 11320 --- [playwright-framework] [nio-8080-exec-6] s.w.s.m.m.a.RequestMappingHandlerMapping : Mapped to com.automation.playwright_framework.TestReportController#latest()
2026-06-11T11:29:19.468+05:30 DEBUG 11320 --- [playwright-framework] [nio-8080-exec-6] o.s.w.s.m.m.a.HttpEntityMethodProcessor  : Using 'application/json', given [*/*] and supported [application/json]
2026-06-11T11:29:19.469+05:30 DEBUG 11320 --- [playwright-framework] [nio-8080-exec-6] o.s.w.s.m.m.a.HttpEntityMethodProcessor  : Writing [TestReportResponse[status=FAILURE, suiteName=com.automation.playwright_framework.CooDeclarationTestC (truncated)...]
2026-06-11T11:29:19.470+05:30 DEBUG 11320 --- [playwright-framework] [nio-8080-exec-6] o.s.web.servlet.DispatcherServlet        : Completed 200 OK
2026-06-11T11:30:19.452+05:30 DEBUG 11320 --- [playwright-framework] [nio-8080-exec-2] o.s.web.servlet.DispatcherServlet        : GET "/api/reports/latest", parameters={}
2026-06-11T11:30:19.455+05:30 DEBUG 11320 --- [playwright-framework] [nio-8080-exec-2] s.w.s.m.m.a.RequestMappingHandlerMapping : Mapped to com.automation.playwright_framework.TestReportController#latest()
2026-06-11T11:30:19.460+05:30 DEBUG 11320 --- [playwright-framework] [nio-8080-exec-2] o.s.w.s.m.m.a.HttpEntityMethodProcessor  : Using 'application/json', given [*/*] and supported [application/json]
2026-06-11T11:30:19.461+05:30 DEBUG 11320 --- [playwright-framework] [nio-8080-exec-2] o.s.w.s.m.m.a.HttpEntityMethodProcessor  : Writing [TestReportResponse[status=FAILURE, suiteName=com.automation.playwright_framework.CooDeclarationTestC (truncated)...]
2026-06-11T11:30:19.462+05:30 DEBUG 11320 --- [playwright-framework] [nio-8080-exec-2] o.s.web.servlet.DispatcherServlet        : Completed 200 OK
2026-06-11T11:31:19.454+05:30 DEBUG 11320 --- [playwright-framework] [nio-8080-exec-7] o.s.web.servlet.DispatcherServlet        : GET "/api/reports/latest", parameters={}
2026-06-11T11:31:19.477+05:30 DEBUG 11320 --- [playwright-framework] [nio-8080-exec-7] s.w.s.m.m.a.RequestMappingHandlerMapping : Mapped to com.automation.playwright_framework.TestReportController#latest()
2026-06-11T11:31:19.480+05:30 DEBUG 11320 --- [playwright-framework] [nio-8080-exec-7] o.s.w.s.m.m.a.HttpEntityMethodProcessor  : Using 'application/json', given [*/*] and supported [application/json]
2026-06-11T11:31:19.482+05:30 DEBUG 11320 --- [playwright-framework] [nio-8080-exec-7] o.s.w.s.m.m.a.HttpEntityMethodProcessor  : Writing [TestReportResponse[status=FAILURE, suiteName=com.automation.playwright_framework.CooDeclarationTestC (truncated)...]
2026-06-11T11:31:19.482+05:30 DEBUG 11320 --- [playwright-framework] [nio-8080-exec-7] o.s.web.servlet.DispatcherServlet        : Completed 200 OK
2026-06-11T11:32:19.436+05:30 DEBUG 11320 --- [playwright-framework] [nio-8080-exec-8] o.s.web.servlet.DispatcherServlet        : GET "/api/reports/latest", parameters={}
2026-06-11T11:32:19.439+05:30 DEBUG 11320 --- [playwright-framework] [nio-8080-exec-8] s.w.s.m.m.a.RequestMappingHandlerMapping : Mapped to com.automation.playwright_framework.TestReportController#latest()
2026-06-11T11:32:19.445+05:30 DEBUG 11320 --- [playwright-framework] [nio-8080-exec-8] o.s.w.s.m.m.a.HttpEntityMethodProcessor  : Using 'application/json', given [*/*] and supported [application/json]
2026-06-11T11:32:19.446+05:30 DEBUG 11320 --- [playwright-framework] [nio-8080-exec-8] o.s.w.s.m.m.a.HttpEntityMethodProcessor  : Writing [TestReportResponse[status=FAILURE, suiteName=com.automation.playwright_framework.CooDeclarationTestC (truncated)...]
2026-06-11T11:32:19.446+05:30 DEBUG 11320 --- [playwright-framework] [nio-8080-exec-8] o.s.web.servlet.DispatcherServlet        : Completed 200 OK
2026-06-11T11:33:19.446+05:30 DEBUG 11320 --- [playwright-framework] [nio-8080-exec-9] o.s.web.servlet.DispatcherServlet        : GET "/api/reports/latest", parameters={}
2026-06-11T11:33:19.467+05:30 DEBUG 11320 --- [playwright-framework] [nio-8080-exec-9] s.w.s.m.m.a.RequestMappingHandlerMapping : Mapped to com.automation.playwright_framework.TestReportController#latest()
2026-06-11T11:33:19.470+05:30 DEBUG 11320 --- [playwright-framework] [nio-8080-exec-9] o.s.w.s.m.m.a.HttpEntityMethodProcessor  : Using 'application/json', given [*/*] and supported [application/json]
2026-06-11T11:33:19.471+05:30 DEBUG 11320 --- [playwright-framework] [nio-8080-exec-9] o.s.w.s.m.m.a.HttpEntityMethodProcessor  : Writing [TestReportResponse[status=SUCCESS, suiteName=com.automation.playwright_framework.CooDeclarationTestC (truncated)...]
2026-06-11T11:33:19.471+05:30 DEBUG 11320 --- [playwright-framework] [nio-8080-exec-9] o.s.web.servlet.DispatcherServlet        : Completed 200 OK
2026-06-11T11:34:19.459+05:30 DEBUG 11320 --- [playwright-framework] [io-8080-exec-10] o.s.web.servlet.DispatcherServlet        : GET "/api/reports/latest", parameters={}
2026-06-11T11:34:19.477+05:30 DEBUG 11320 --- [playwright-framework] [io-8080-exec-10] s.w.s.m.m.a.RequestMappingHandlerMapping : Mapped to com.automation.playwright_framework.TestReportController#latest()
2026-06-11T11:34:19.481+05:30 DEBUG 11320 --- [playwright-framework] [io-8080-exec-10] o.s.w.s.m.m.a.HttpEntityMethodProcessor  : Using 'application/json', given [*/*] and supported [application/json]
2026-06-11T11:34:19.482+05:30 DEBUG 11320 --- [playwright-framework] [io-8080-exec-10] o.s.w.s.m.m.a.HttpEntityMethodProcessor  : Writing [TestReportResponse[status=SUCCESS, suiteName=com.automation.playwright_framework.CooDeclarationTestC (truncated)...]
2026-06-11T11:34:19.482+05:30 DEBUG 11320 --- [playwright-framework] [io-8080-exec-10] o.s.web.servlet.DispatcherServlet        : Completed 200 OK
2026-06-11T11:35:19.451+05:30 DEBUG 11320 --- [playwright-framework] [nio-8080-exec-1] o.s.web.servlet.DispatcherServlet        : GET "/api/reports/latest", parameters={}
2026-06-11T11:35:19.474+05:30 DEBUG 11320 --- [playwright-framework] [nio-8080-exec-1] s.w.s.m.m.a.RequestMappingHandlerMapping : Mapped to com.automation.playwright_framework.TestReportController#latest()
2026-06-11T11:35:19.477+05:30 DEBUG 11320 --- [playwright-framework] [nio-8080-exec-1] o.s.w.s.m.m.a.HttpEntityMethodProcessor  : Using 'application/json', given [*/*] and supported [application/json]
2026-06-11T11:35:19.479+05:30 DEBUG 11320 --- [playwright-framework] [nio-8080-exec-1] o.s.w.s.m.m.a.HttpEntityMethodProcessor  : Writing [TestReportResponse[status=SUCCESS, suiteName=com.automation.playwright_framework.CooDeclarationTestC (truncated)...]
2026-06-11T11:35:19.480+05:30 DEBUG 11320 --- [playwright-framework] [nio-8080-exec-1] o.s.web.servlet.DispatcherServlet        : Completed 200 OK
2026-06-11T11:36:19.445+05:30 DEBUG 11320 --- [playwright-framework] [nio-8080-exec-3] o.s.web.servlet.DispatcherServlet        : GET "/api/reports/latest", parameters={}
2026-06-11T11:36:19.447+05:30 DEBUG 11320 --- [playwright-framework] [nio-8080-exec-3] s.w.s.m.m.a.RequestMappingHandlerMapping : Mapped to com.automation.playwright_framework.TestReportController#latest()
2026-06-11T11:36:19.451+05:30 DEBUG 11320 --- [playwright-framework] [nio-8080-exec-3] o.s.w.s.m.m.a.HttpEntityMethodProcessor  : Using 'application/json', given [*/*] and supported [application/json]
2026-06-11T11:36:19.452+05:30 DEBUG 11320 --- [playwright-framework] [nio-8080-exec-3] o.s.w.s.m.m.a.HttpEntityMethodProcessor  : Writing [TestReportResponse[status=FAILURE, suiteName=com.automation.playwright_framework.CooDeclarationTestC (truncated)...]
2026-06-11T11:36:19.453+05:30 DEBUG 11320 --- [playwright-framework] [nio-8080-exec-3] o.s.web.servlet.DispatcherServlet        : Completed 200 OK
2026-06-11T11:37:08.647+05:30  INFO 11320 --- [playwright-framework] [   File Watcher] rtingClassPathChangeChangedEventListener : Restarting due to 3 class path changes (0 additions, 0 deletions, 3 modifications)
2026-06-11T11:37:08.671+05:30 DEBUG 11320 --- [playwright-framework] [   File Watcher] rtingClassPathChangeChangedEventListener : Change set: [D:\Mohan\play-wright\target\classes [D:\Mohan\play-wright\target\classes\com\automation\IptDeclarationPage$PositionedElement.class (MODIFY), D:\Mohan\play-wright\target\classes\com\automation\IptDeclarationPage$PositionedField.class (MODIFY), D:\Mohan\play-wright\target\classes\com\automation\IptDeclarationPage.class (MODIFY)]]
2026-06-11T11:37:08.672+05:30 DEBUG 11320 --- [playwright-framework] [   File Watcher] o.s.boot.devtools.restart.Restarter      : Restarting application
2026-06-11T11:37:08.673+05:30 DEBUG 11320 --- [playwright-framework] [       Thread-1] o.s.boot.devtools.restart.Restarter      : Stopping application
2026-06-11T11:37:08.675+05:30 DEBUG 11320 --- [playwright-framework] [       Thread-1] o.s.b.a.ApplicationAvailabilityBean      : Application availability state ReadinessState changed from ACCEPTING_TRAFFIC to REFUSING_TRAFFIC
2026-06-11T11:37:08.675+05:30 DEBUG 11320 --- [playwright-framework] [       Thread-1] ConfigServletWebServerApplicationContext : Closing org.springframework.boot.web.server.servlet.context.AnnotationConfigServletWebServerApplicationContext@62f52af5, started on Thu Jun 11 11:17:48 IST 2026
2026-06-11T11:37:08.679+05:30  INFO 11320 --- [playwright-framework] [       Thread-1] o.s.boot.tomcat.GracefulShutdown         : Commencing graceful shutdown. Waiting for active requests to complete
2026-06-11T11:37:08.694+05:30  INFO 11320 --- [playwright-framework] [tomcat-shutdown] o.s.boot.tomcat.GracefulShutdown         : Graceful shutdown complete
2026-06-11T11:37:08.740+05:30 DEBUG 11320 --- [playwright-framework] [       Thread-1] o.s.boot.devtools.restart.Restarter      : Starting application com.automation.playwright_framework.PlaywrightFrameworkApplication with URLs [file:/D:/Mohan/play-wright/target/classes/]

  .   ____          _            __ _ _
 /\\ / ___'_ __ _ _(_)_ __  __ _ \ \ \ \
( ( )\___ | '_ | '_| | '_ \/ _` | \ \ \ \
 \\/  ___)| |_)| | | | | || (_| |  ) ) ) )
  '  |____| .__|_| |_|_| |_\__, | / / / /
 =========|_|==============|___/=/_/_/_/

 :: Spring Boot ::                (v4.0.6)

2026-06-11T11:37:08.759+05:30  INFO 11320 --- [playwright-framework] [  restartedMain] c.a.p.PlaywrightFrameworkApplication     : Starting PlaywrightFrameworkApplication using Java 21.0.8 with PID 11320 (D:\Mohan\play-wright\target\classes started by mabis in D:\Mohan\play-wright)
2026-06-11T11:37:08.759+05:30  INFO 11320 --- [playwright-framework] [  restartedMain] c.a.p.PlaywrightFrameworkApplication     : No active profile set, falling back to 1 default profile: "default"
2026-06-11T11:37:08.759+05:30 DEBUG 11320 --- [playwright-framework] [  restartedMain] o.s.boot.SpringApplication               : Loading source class com.automation.playwright_framework.PlaywrightFrameworkApplication
2026-06-11T11:37:08.764+05:30 DEBUG 11320 --- [playwright-framework] [  restartedMain] ConfigServletWebServerApplicationContext : Refreshing org.springframework.boot.web.server.servlet.context.AnnotationConfigServletWebServerApplicationContext@2cb67540
2026-06-11T11:37:08.868+05:30 DEBUG 11320 --- [playwright-framework] [  restartedMain] o.s.b.t.s.TomcatServletWebServerFactory  : Code archive: C:\Users\mabis\.m2\repository\org\springframework\boot\spring-boot-web-server\4.0.6\spring-boot-web-server-4.0.6.jar
2026-06-11T11:37:08.869+05:30 DEBUG 11320 --- [playwright-framework] [  restartedMain] o.s.b.t.s.TomcatServletWebServerFactory  : Code archive: C:\Users\mabis\.m2\repository\org\springframework\boot\spring-boot-web-server\4.0.6\spring-boot-web-server-4.0.6.jar
2026-06-11T11:37:08.869+05:30 DEBUG 11320 --- [playwright-framework] [  restartedMain] o.s.b.t.s.TomcatServletWebServerFactory  : None of the document roots [src/main/webapp, public, static] point to a directory and will be ignored.
2026-06-11T11:37:08.876+05:30  INFO 11320 --- [playwright-framework] [  restartedMain] o.s.boot.tomcat.TomcatWebServer          : Tomcat initialized with port 8080 (http)
2026-06-11T11:37:08.877+05:30  INFO 11320 --- [playwright-framework] [  restartedMain] o.apache.catalina.core.StandardService   : Starting service [Tomcat]
2026-06-11T11:37:08.878+05:30  INFO 11320 --- [playwright-framework] [  restartedMain] o.apache.catalina.core.StandardEngine    : Starting Servlet engine: [Apache Tomcat/11.0.21]
2026-06-11T11:37:08.889+05:30 DEBUG 11320 --- [playwright-framework] [  restartedMain] b.w.c.s.WebApplicationContextInitializer : Published root WebApplicationContext as ServletContext attribute with name [org.springframework.web.context.WebApplicationContext.ROOT]
2026-06-11T11:37:08.889+05:30  INFO 11320 --- [playwright-framework] [  restartedMain] b.w.c.s.WebApplicationContextInitializer : Root WebApplicationContext: initialization completed in 125 ms
2026-06-11T11:37:08.892+05:30 DEBUG 11320 --- [playwright-framework] [  restartedMain] o.s.b.w.s.ServletContextInitializerBeans : Mapping filters: characterEncodingFilter urls=[/*] order=-2147483648, formContentFilter urls=[/*] order=-9900, requestContextFilter urls=[/*] order=-105
2026-06-11T11:37:08.892+05:30 DEBUG 11320 --- [playwright-framework] [  restartedMain] o.s.b.w.s.ServletContextInitializerBeans : Mapping servlets: dispatcherServlet urls=[/]
2026-06-11T11:37:08.893+05:30 DEBUG 11320 --- [playwright-framework] [  restartedMain] o.s.b.s.f.OrderedRequestContextFilter    : Filter 'requestContextFilter' configured for use
2026-06-11T11:37:08.893+05:30 DEBUG 11320 --- [playwright-framework] [  restartedMain] o.s.b.s.f.OrderedCharacterEncodingFilter : Filter 'characterEncodingFilter' configured for use
2026-06-11T11:37:08.893+05:30 DEBUG 11320 --- [playwright-framework] [  restartedMain] o.s.b.s.filter.OrderedFormContentFilter  : Filter 'formContentFilter' configured for use
2026-06-11T11:37:08.919+05:30 DEBUG 11320 --- [playwright-framework] [  restartedMain] o.s.b.a.AutoConfigurationPackages        : @EnableAutoConfiguration was declared on a class in the package 'com.automation.playwright_framework'. Automatic @Repository and @Entity scanning is enabled.
2026-06-11T11:37:08.930+05:30 DEBUG 11320 --- [playwright-framework] [  restartedMain] s.w.s.m.m.a.RequestMappingHandlerMapping : 4 mappings in 'requestMappingHandlerMapping'
2026-06-11T11:37:08.934+05:30 DEBUG 11320 --- [playwright-framework] [  restartedMain] o.s.w.s.handler.SimpleUrlHandlerMapping  : Patterns [/webjars/**, /**] in 'resourceHandlerMapping'
2026-06-11T11:37:08.936+05:30 DEBUG 11320 --- [playwright-framework] [  restartedMain] s.w.s.m.m.a.RequestMappingHandlerAdapter : ControllerAdvice beans: 0 @ModelAttribute, 0 @InitBinder, 2 RequestBodyAdvice, 1 ResponseBodyAdvice
2026-06-11T11:37:08.939+05:30 DEBUG 11320 --- [playwright-framework] [  restartedMain] .m.m.a.ExceptionHandlerExceptionResolver : ControllerAdvice beans: 0 @ExceptionHandler, 1 ResponseBodyAdvice
2026-06-11T11:37:08.951+05:30  INFO 11320 --- [playwright-framework] [  restartedMain] o.s.boot.tomcat.TomcatWebServer          : Tomcat started on port 8080 (http) with context path '/'
2026-06-11T11:37:08.953+05:30 DEBUG 11320 --- [playwright-framework] [  restartedMain] .s.b.a.l.ConditionEvaluationReportLogger : 


============================
CONDITIONS EVALUATION REPORT
============================


Positive matches:
-----------------

   AopAutoConfiguration matched:
      - @ConditionalOnBooleanProperty (spring.aop.auto=true) matched (OnPropertyCondition)

   AopAutoConfiguration.AspectJAutoProxyingConfiguration matched:
      - @ConditionalOnClass found required class 'org.aspectj.weaver.Advice' (OnClassCondition)

   AopAutoConfiguration.AspectJAutoProxyingConfiguration.CglibAutoProxyConfiguration matched:
      - @ConditionalOnBooleanProperty (spring.aop.proxy-target-class=true) matched (OnPropertyCondition)

   ApplicationAvailabilityAutoConfiguration#applicationAvailability matched:
      - @ConditionalOnMissingBean (types: org.springframework.boot.availability.ApplicationAvailability; SearchStrategy: all) did not find any beans (OnBeanCondition)

   DataWebAutoConfiguration matched:
      - @ConditionalOnClass found required classes 'org.springframework.data.web.PageableHandlerMethodArgumentResolver', 'org.springframework.web.servlet.config.annotation.WebMvcConfigurer' (OnClassCondition)
      - found 'session' scope (OnWebApplicationCondition)
      - @ConditionalOnMissingBean (types: org.springframework.data.web.PageableHandlerMethodArgumentResolver; SearchStrategy: all) did not find any beans (OnBeanCondition)

   DataWebAutoConfiguration#pageableCustomizer matched:
      - @ConditionalOnMissingBean (types: org.springframework.data.web.config.PageableHandlerMethodArgumentResolverCustomizer; SearchStrategy: all) did not find any beans (OnBeanCondition)

   DataWebAutoConfiguration#sortCustomizer matched:
      - @ConditionalOnMissingBean (types: org.springframework.data.web.config.SortHandlerMethodArgumentResolverCustomizer; SearchStrategy: all) did not find any beans (OnBeanCondition)

   DataWebAutoConfiguration#springDataWebSettings matched:
      - @ConditionalOnMissingBean (types: org.springframework.data.web.config.SpringDataWebSettings; SearchStrategy: all) did not find any beans (OnBeanCondition)

   DispatcherServletAutoConfiguration matched:
      - @ConditionalOnClass found required class 'org.springframework.web.servlet.DispatcherServlet' (OnClassCondition)
      - found 'session' scope (OnWebApplicationCondition)

   DispatcherServletAutoConfiguration.DispatcherServletConfiguration matched:
      - @ConditionalOnClass found required class 'jakarta.servlet.ServletRegistration' (OnClassCondition)
      - Default DispatcherServlet did not find dispatcher servlet beans (DispatcherServletAutoConfiguration.DefaultDispatcherServletCondition)

   DispatcherServletAutoConfiguration.DispatcherServletRegistrationConfiguration matched:
      - @ConditionalOnClass found required class 'jakarta.servlet.ServletRegistration' (OnClassCondition)
      - DispatcherServlet Registration did not find servlet registration bean (DispatcherServletAutoConfiguration.DispatcherServletRegistrationCondition)

   DispatcherServletAutoConfiguration.DispatcherServletRegistrationConfiguration#dispatcherServletRegistration matched:
      - @ConditionalOnBean (names: dispatcherServlet types: org.springframework.web.servlet.DispatcherServlet; SearchStrategy: all) found bean 'dispatcherServlet' (OnBeanCondition)

   ErrorMvcAutoConfiguration matched:
      - @ConditionalOnClass found required classes 'jakarta.servlet.Servlet', 'org.springframework.web.servlet.DispatcherServlet' (OnClassCondition)
      - found 'session' scope (OnWebApplicationCondition)

   ErrorMvcAutoConfiguration#basicErrorController matched:
      - @ConditionalOnMissingBean (types: org.springframework.boot.webmvc.error.ErrorController; SearchStrategy: current) did not find any beans (OnBeanCondition)

   ErrorMvcAutoConfiguration#errorAttributes matched:
      - @ConditionalOnMissingBean (types: org.springframework.boot.webmvc.error.ErrorAttributes; SearchStrategy: current) did not find any beans (OnBeanCondition)

   ErrorMvcAutoConfiguration.DefaultErrorViewResolverConfiguration#conventionErrorViewResolver matched:
      - @ConditionalOnBean (types: org.springframework.web.servlet.DispatcherServlet; SearchStrategy: all) found bean 'dispatcherServlet'; @ConditionalOnMissingBean (types: org.springframework.boot.webmvc.autoconfigure.error.ErrorViewResolver; SearchStrategy: all) did not find any beans (OnBeanCondition)

   ErrorMvcAutoConfiguration.WhitelabelErrorViewConfiguration matched:
      - @ConditionalOnBooleanProperty (spring.web.error.whitelabel.enabled=true) matched (OnPropertyCondition)
      - ErrorTemplate Missing did not find error template view (ErrorMvcAutoConfiguration.ErrorTemplateMissingCondition)

   ErrorMvcAutoConfiguration.WhitelabelErrorViewConfiguration#beanNameViewResolver matched:
      - @ConditionalOnMissingBean (types: org.springframework.web.servlet.view.BeanNameViewResolver; SearchStrategy: all) did not find any beans (OnBeanCondition)

   ErrorMvcAutoConfiguration.WhitelabelErrorViewConfiguration#defaultErrorView matched:
      - @ConditionalOnMissingBean (names: error; SearchStrategy: all) did not find any beans (OnBeanCondition)

   GsonHttpMessageConvertersConfiguration matched:
      - @ConditionalOnClass found required class 'com.google.gson.Gson' (OnClassCondition)

   HttpEncodingAutoConfiguration matched:
      - @ConditionalOnClass found required class 'org.springframework.web.filter.CharacterEncodingFilter' (OnClassCondition)
      - found 'session' scope (OnWebApplicationCondition)
      - @ConditionalOnBooleanProperty (spring.servlet.encoding.enabled=true) matched (OnPropertyCondition)

   HttpEncodingAutoConfiguration#characterEncodingFilter matched:
      - @ConditionalOnMissingBean (types: org.springframework.web.filter.CharacterEncodingFilter; SearchStrategy: all) did not find any beans (OnBeanCondition)

   HttpMessageConvertersAutoConfiguration matched:
      - @ConditionalOnClass found required class 'org.springframework.http.converter.HttpMessageConverter' (OnClassCondition)
      - NoneNestedConditions 0 matched 1 did not; NestedCondition on HttpMessageConvertersAutoConfiguration.NotReactiveWebApplicationCondition.ReactiveWebApplication did not find reactive web application classes (HttpMessageConvertersAutoConfiguration.NotReactiveWebApplicationCondition)

   HttpMessageConvertersAutoConfiguration.StringHttpMessageConverterConfiguration#stringHttpMessageConvertersCustomizer matched:
      - @ConditionalOnMissingBean (types: org.springframework.http.converter.StringHttpMessageConverter; SearchStrategy: all) did not find any beans (OnBeanCondition)

   JacksonAutoConfiguration matched:
      - @ConditionalOnClass found required class 'tools.jackson.databind.json.JsonMapper' (OnClassCondition)

   JacksonAutoConfiguration#jacksonJsonMapper matched:
      - @ConditionalOnMissingBean (types: tools.jackson.databind.json.JsonMapper; SearchStrategy: all) did not find any beans (OnBeanCondition)

   JacksonAutoConfiguration#jsonMapperBuilder matched:
      - @ConditionalOnMissingBean (types: tools.jackson.databind.json.JsonMapper$Builder; SearchStrategy: all) did not find any beans (OnBeanCondition)

   JacksonAutoConfiguration.JsonProblemDetailsConfiguration matched:
      - @ConditionalOnClass found required class 'org.springframework.http.ProblemDetail' (OnClassCondition)

   JacksonHttpMessageConvertersConfiguration.JacksonJsonHttpMessageConverterConfiguration matched:
      - @ConditionalOnClass found required class 'tools.jackson.databind.json.JsonMapper' (OnClassCondition)
      - @ConditionalOnProperty (spring.http.converters.preferred-json-mapper=jackson) matched (OnPropertyCondition)
      - @ConditionalOnBean (types: tools.jackson.databind.json.JsonMapper; SearchStrategy: all) found bean 'jacksonJsonMapper' (OnBeanCondition)

   JacksonHttpMessageConvertersConfiguration.JacksonJsonHttpMessageConverterConfiguration#jacksonJsonHttpMessageConvertersCustomizer matched:
      - @ConditionalOnMissingBean (types: org.springframework.http.converter.json.JacksonJsonHttpMessageConverter ignored: org.springframework.hateoas.server.mvc.TypeConstrainedJacksonJsonHttpMessageConverter,org.springframework.data.rest.webmvc.alps.AlpsJacksonJsonHttpMessageConverter; SearchStrategy: all) did not find any beans (OnBeanCondition)

   JtaAutoConfiguration matched:
      - @ConditionalOnClass found required class 'jakarta.transaction.Transaction' (OnClassCondition)
      - @ConditionalOnBooleanProperty (spring.jta.enabled=true) matched (OnPropertyCondition)

   LifecycleAutoConfiguration#defaultLifecycleProcessor matched:
      - @ConditionalOnMissingBean (names: lifecycleProcessor; SearchStrategy: current) did not find any beans (OnBeanCondition)

   LocalDevToolsAutoConfiguration matched:
      - Initialized Restarter Condition available and initialized (OnInitializedRestarterCondition)

   LocalDevToolsAutoConfiguration.RestartConfiguration matched:
      - @ConditionalOnBooleanProperty (spring.devtools.restart.enabled=true) matched (OnPropertyCondition)

   LocalDevToolsAutoConfiguration.RestartConfiguration#classPathFileSystemWatcher matched:
      - @ConditionalOnMissingBean (types: org.springframework.boot.devtools.classpath.ClassPathFileSystemWatcher; SearchStrategy: all) did not find any beans (OnBeanCondition)

   LocalDevToolsAutoConfiguration.RestartConfiguration#classPathRestartStrategy matched:
      - @ConditionalOnMissingBean (types: org.springframework.boot.devtools.classpath.ClassPathRestartStrategy; SearchStrategy: all) did not find any beans (OnBeanCondition)

   LocalDevToolsAutoConfiguration.RestartConfiguration#conditionEvaluationDeltaLoggingListener matched:
      - @ConditionalOnBooleanProperty (spring.devtools.restart.log-condition-evaluation-delta=true) matched (OnPropertyCondition)

   MultipartAutoConfiguration matched:
      - @ConditionalOnClass found required classes 'jakarta.servlet.Servlet', 'org.springframework.web.multipart.support.StandardServletMultipartResolver', 'jakarta.servlet.MultipartConfigElement' (OnClassCondition)
      - found 'session' scope (OnWebApplicationCondition)
      - @ConditionalOnBooleanProperty (spring.servlet.multipart.enabled=true) matched (OnPropertyCondition)

   MultipartAutoConfiguration#multipartConfigElement matched:
      - @ConditionalOnMissingBean (types: jakarta.servlet.MultipartConfigElement; SearchStrategy: all) did not find any beans (OnBeanCondition)

   MultipartAutoConfiguration#multipartResolver matched:
      - @ConditionalOnMissingBean (types: org.springframework.web.multipart.MultipartResolver; SearchStrategy: all) did not find any beans (OnBeanCondition)

   PersistenceExceptionTranslationAutoConfiguration matched:
      - @ConditionalOnClass found required class 'org.springframework.dao.annotation.PersistenceExceptionTranslationPostProcessor' (OnClassCondition)

   PersistenceExceptionTranslationAutoConfiguration#persistenceExceptionTranslationPostProcessor matched:
      - @ConditionalOnBooleanProperty (spring.persistence.exceptiontranslation.enabled=true) matched (OnPropertyCondition)
      - @ConditionalOnMissingBean (types: org.springframework.dao.annotation.PersistenceExceptionTranslationPostProcessor; SearchStrategy: all) did not find any beans (OnBeanCondition)

   PropertyPlaceholderAutoConfiguration#propertySourcesPlaceholderConfigurer matched:
      - @ConditionalOnMissingBean (types: org.springframework.context.support.PropertySourcesPlaceholderConfigurer; SearchStrategy: current) did not find any beans (OnBeanCondition)

   SslAutoConfiguration#sslBundleRegistry matched:
      - @ConditionalOnMissingBean (types: org.springframework.boot.ssl.SslBundleRegistry,org.springframework.boot.ssl.SslBundles; SearchStrategy: all) did not find any beans (OnBeanCondition)

   TaskExecutionAutoConfiguration matched:
      - @ConditionalOnClass found required class 'org.springframework.scheduling.concurrent.ThreadPoolTaskExecutor' (OnClassCondition)

   TaskExecutorConfigurations.AsyncConfigurerConfiguration matched:
      - @ConditionalOnMissingBean (types: org.springframework.scheduling.annotation.AsyncConfigurer; SearchStrategy: all) did not find any beans (OnBeanCondition)

   TaskExecutorConfigurations.SimpleAsyncTaskExecutorBuilderConfiguration#simpleAsyncTaskExecutorBuilder matched:
      - @ConditionalOnMissingBean (types: org.springframework.boot.task.SimpleAsyncTaskExecutorBuilder; SearchStrategy: all) did not find any beans (OnBeanCondition)
      - @ConditionalOnThreading found PLATFORM (OnThreadingCondition)

   TaskExecutorConfigurations.TaskExecutorConfiguration matched:
      - AnyNestedCondition 1 matched 1 did not; NestedCondition on TaskExecutorConfigurations.OnExecutorCondition.ModelCondition @ConditionalOnProperty (spring.task.execution.mode=force) did not find property 'spring.task.execution.mode'; NestedCondition on TaskExecutorConfigurations.OnExecutorCondition.ExecutorBeanCondition @ConditionalOnMissingBean (types: java.util.concurrent.Executor; SearchStrategy: all) did not find any beans (TaskExecutorConfigurations.OnExecutorCondition)

   TaskExecutorConfigurations.TaskExecutorConfiguration#applicationTaskExecutor matched:
      - @ConditionalOnThreading found PLATFORM (OnThreadingCondition)

   TaskExecutorConfigurations.ThreadPoolTaskExecutorBuilderConfiguration#threadPoolTaskExecutorBuilder matched:
      - @ConditionalOnMissingBean (types: org.springframework.boot.task.ThreadPoolTaskExecutorBuilder; SearchStrategy: all) did not find any beans (OnBeanCondition)

   TaskSchedulingAutoConfiguration matched:
      - @ConditionalOnClass found required class 'org.springframework.scheduling.concurrent.ThreadPoolTaskScheduler' (OnClassCondition)

   TaskSchedulingConfigurations.SimpleAsyncTaskSchedulerBuilderConfiguration#simpleAsyncTaskSchedulerBuilder matched:
      - @ConditionalOnMissingBean (types: org.springframework.boot.task.SimpleAsyncTaskSchedulerBuilder; SearchStrategy: all) did not find any beans (OnBeanCondition)
      - @ConditionalOnThreading found PLATFORM (OnThreadingCondition)

   TaskSchedulingConfigurations.ThreadPoolTaskSchedulerBuilderConfiguration#threadPoolTaskSchedulerBuilder matched:
      - @ConditionalOnMissingBean (types: org.springframework.boot.task.ThreadPoolTaskSchedulerBuilder; SearchStrategy: all) did not find any beans (OnBeanCondition)

   TomcatServletWebServerAutoConfiguration matched:
      - @ConditionalOnClass found required classes 'jakarta.servlet.ServletRequest', 'org.apache.catalina.startup.Tomcat', 'org.apache.coyote.UpgradeProtocol', 'org.springframework.boot.tomcat.servlet.TomcatServletWebServerFactory' (OnClassCondition)
      - found 'session' scope (OnWebApplicationCondition)

   TomcatServletWebServerAutoConfiguration#tomcatServletWebServerFactory matched:
      - @ConditionalOnMissingBean (types: org.springframework.boot.web.server.servlet.ServletWebServerFactory; SearchStrategy: current) did not find any beans (OnBeanCondition)

   TomcatWebServerConfiguration matched:
      - @ConditionalOnWarDeployment the application is not deployed as a WAR file. (OnWarDeploymentCondition)

   TomcatWebServerConfiguration.TomcatWebSocketConfiguration matched:
      - @ConditionalOnClass found required class 'org.apache.tomcat.websocket.server.WsSci' (OnClassCondition)

   TransactionAutoConfiguration matched:
      - @ConditionalOnClass found required class 'org.springframework.transaction.PlatformTransactionManager' (OnClassCondition)

   TransactionManagerCustomizationAutoConfiguration matched:
      - @ConditionalOnClass found required class 'org.springframework.transaction.PlatformTransactionManager' (OnClassCondition)

   TransactionManagerCustomizationAutoConfiguration#platformTransactionManagerCustomizers matched:
      - @ConditionalOnMissingBean (types: org.springframework.boot.transaction.autoconfigure.TransactionManagerCustomizers; SearchStrategy: all) did not find any beans (OnBeanCondition)

   ValidationAutoConfiguration matched:
      - @ConditionalOnClass found required class 'jakarta.validation.executable.ExecutableValidator' (OnClassCondition)
      - @ConditionalOnResource found location classpath:META-INF/services/jakarta.validation.spi.ValidationProvider (OnResourceCondition)

   ValidationAutoConfiguration#defaultValidator matched:
      - @ConditionalOnMissingBean (types: jakarta.validation.Validator; SearchStrategy: all) did not find any beans (OnBeanCondition)

   ValidationAutoConfiguration#methodValidationPostProcessor matched:
      - @ConditionalOnMissingBean (types: org.springframework.validation.beanvalidation.MethodValidationPostProcessor; SearchStrategy: current) did not find any beans (OnBeanCondition)

   WebMvcAutoConfiguration matched:
      - @ConditionalOnClass found required classes 'jakarta.servlet.Servlet', 'org.springframework.web.servlet.DispatcherServlet', 'org.springframework.web.servlet.config.annotation.WebMvcConfigurer' (OnClassCondition)
      - found 'session' scope (OnWebApplicationCondition)
      - @ConditionalOnMissingBean (types: org.springframework.web.servlet.config.annotation.WebMvcConfigurationSupport; SearchStrategy: all) did not find any beans (OnBeanCondition)

   WebMvcAutoConfiguration#formContentFilter matched:
      - @ConditionalOnBooleanProperty (spring.mvc.formcontent.filter.enabled=true) matched (OnPropertyCondition)
      - @ConditionalOnMissingBean (types: org.springframework.web.filter.FormContentFilter; SearchStrategy: all) did not find any beans (OnBeanCondition)

   WebMvcAutoConfiguration.EnableWebMvcConfiguration#flashMapManager matched:
      - @ConditionalOnMissingBean (names: flashMapManager; SearchStrategy: all) did not find any beans (OnBeanCondition)

   WebMvcAutoConfiguration.EnableWebMvcConfiguration#localeResolver matched:
      - @ConditionalOnMissingBean (names: localeResolver; SearchStrategy: all) did not find any beans (OnBeanCondition)

   WebMvcAutoConfiguration.EnableWebMvcConfiguration#viewNameTranslator matched:
      - @ConditionalOnMissingBean (names: viewNameTranslator; SearchStrategy: all) did not find any beans (OnBeanCondition)

   WebMvcAutoConfiguration.WebMvcAutoConfigurationAdapter#defaultViewResolver matched:
      - @ConditionalOnMissingBean (types: org.springframework.web.servlet.view.InternalResourceViewResolver; SearchStrategy: all) did not find any beans (OnBeanCondition)

   WebMvcAutoConfiguration.WebMvcAutoConfigurationAdapter#requestContextFilter matched:
      - @ConditionalOnMissingBean (types: org.springframework.web.context.request.RequestContextListener,org.springframework.web.filter.RequestContextFilter; SearchStrategy: all) did not find any beans (OnBeanCondition)

   WebMvcAutoConfiguration.WebMvcAutoConfigurationAdapter#viewResolver matched:
      - @ConditionalOnBean (types: org.springframework.web.servlet.ViewResolver; SearchStrategy: all) found beans 'defaultViewResolver', 'beanNameViewResolver', 'mvcViewResolver'; @ConditionalOnMissingBean (names: viewResolver types: org.springframework.web.servlet.view.ContentNegotiatingViewResolver; SearchStrategy: all) did not find any beans (OnBeanCondition)


Negative matches:
-----------------

   AopAutoConfiguration.AspectJAutoProxyingConfiguration.JdkDynamicAutoProxyConfiguration:
      Did not match:
         - @ConditionalOnBooleanProperty (spring.aop.proxy-target-class=false) did not find property 'spring.aop.proxy-target-class' (OnPropertyCondition)

   AopAutoConfiguration.ClassProxyingConfiguration:
      Did not match:
         - @ConditionalOnMissingClass found unwanted class 'org.aspectj.weaver.Advice' (OnClassCondition)

   DataJpaRepositoriesAutoConfiguration:
      Did not match:
         - @ConditionalOnBean (types: javax.sql.DataSource; SearchStrategy: all) did not find any beans of type javax.sql.DataSource (OnBeanCondition)
      Matched:
         - @ConditionalOnClass found required class 'org.springframework.data.jpa.repository.JpaRepository' (OnClassCondition)
         - @ConditionalOnBooleanProperty (spring.data.jpa.repositories.enabled=true) matched (OnPropertyCondition)

   DataRepositoryMetricsAutoConfiguration:
      Did not match:
         - @ConditionalOnBean did not find required type 'io.micrometer.core.instrument.MeterRegistry' (OnBeanCondition)

   DataSourceHealthContributorAutoConfiguration:
      Did not match:
         - @ConditionalOnClass did not find required class 'org.springframework.boot.health.autoconfigure.contributor.ConditionalOnEnabledHealthIndicator' (OnClassCondition)

   DataSourceInitializationAutoConfiguration:
      Did not match:
         - @ConditionalOnSingleCandidate (types: javax.sql.DataSource; SearchStrategy: all) did not find any beans (OnBeanCondition)
      Matched:
         - @ConditionalOnClass found required class 'org.springframework.jdbc.datasource.init.DatabasePopulator' (OnClassCondition)
         - SQL InitializationDatabase Initialization default value is EMBEDDED (OnSqlInitializationCondition)

   DataSourcePoolMetricsAutoConfiguration:
      Did not match:
         - @ConditionalOnClass did not find required class 'io.micrometer.core.instrument.MeterRegistry' (OnClassCondition)

   DevToolsDataSourceAutoConfiguration:
      Did not match:
         - DevTools DataSource Condition did not find a single DataSource bean (DevToolsDataSourceAutoConfiguration.DevToolsDataSourceCondition)
      Matched:
         - @ConditionalOnClass found required class 'javax.sql.DataSource' (OnClassCondition)
         - Devtools devtools enabled. (OnEnabledDevToolsCondition)

   DevToolsDataSourceAutoConfiguration.DatabaseShutdownExecutorEntityManagerFactoryDependsOnConfiguration:
      Did not match:
         - Ancestor org.springframework.boot.devtools.autoconfigure.DevToolsDataSourceAutoConfiguration did not match (ConditionEvaluationReport.AncestorsMatchedCondition)
      Matched:
         - @ConditionalOnClass found required classes 'org.springframework.boot.jpa.autoconfigure.EntityManagerFactoryDependsOnPostProcessor', 'org.springframework.orm.jpa.LocalContainerEntityManagerFactoryBean' (OnClassCondition)

   DevToolsR2dbcAutoConfiguration:
      Did not match:
         - @ConditionalOnClass did not find required class 'io.r2dbc.spi.ConnectionFactory' (OnClassCondition)

   DispatcherServletAutoConfiguration.DispatcherServletConfiguration#multipartResolver:
      Did not match:
         - @ConditionalOnBean (types: org.springframework.web.multipart.MultipartResolver; SearchStrategy: all) did not find any beans of type org.springframework.web.multipart.MultipartResolver (OnBeanCondition)

   GsonHttpMessageConvertersConfiguration.GsonHttpMessageConverterConfiguration:
      Did not match:
         - AnyNestedCondition 0 matched 2 did not; NestedCondition on GsonHttpMessageConvertersConfiguration.PreferGsonOrJacksonAndJsonbUnavailableCondition.JacksonJsonbUnavailable NoneNestedConditions 1 matched 2 did not; NestedCondition on GsonHttpMessageConvertersConfiguration.JacksonAndJsonbUnavailableCondition.JsonbPreferred @ConditionalOnProperty (spring.http.converters.preferred-json-mapper=jsonb) did not find property 'spring.http.converters.preferred-json-mapper'; NestedCondition on GsonHttpMessageConvertersConfiguration.JacksonAndJsonbUnavailableCondition.Jackson2Available @ConditionalOnBean (types: org.springframework.boot.http.converter.autoconfigure.Jackson2HttpMessageConvertersConfiguration$Jackson2JsonMessageConvertersCustomizer; SearchStrategy: all) did not find any beans of type org.springframework.boot.http.converter.autoconfigure.Jackson2HttpMessageConvertersConfiguration$Jackson2JsonMessageConvertersCustomizer; NestedCondition on GsonHttpMessageConvertersConfiguration.JacksonAndJsonbUnavailableCondition.JacksonAvailable @ConditionalOnBean (types: org.springframework.boot.http.converter.autoconfigure.JacksonHttpMessageConvertersConfiguration$JacksonJsonHttpMessageConvertersCustomizer; SearchStrategy: all) found bean 'jacksonJsonHttpMessageConvertersCustomizer'; NestedCondition on GsonHttpMessageConvertersConfiguration.PreferGsonOrJacksonAndJsonbUnavailableCondition.GsonPreferred @ConditionalOnProperty (spring.http.converters.preferred-json-mapper=gson) did not find property 'spring.http.converters.preferred-json-mapper' (GsonHttpMessageConvertersConfiguration.PreferGsonOrJacksonAndJsonbUnavailableCondition)

   HibernateMetricsAutoConfiguration:
      Did not match:
         - @ConditionalOnClass did not find required class 'io.micrometer.core.instrument.MeterRegistry' (OnClassCondition)

   Jackson2HttpMessageConvertersConfiguration.MappingJackson2HttpMessageConverterConfiguration:
      Did not match:
         - AnyNestedCondition 0 matched 2 did not; NestedCondition on Jackson2HttpMessageConvertersConfiguration.PreferJackson2OrJacksonUnavailableCondition.JacksonUnavailable @ConditionalOnMissingBean (types: org.springframework.boot.http.converter.autoconfigure.JacksonHttpMessageConvertersConfiguration$JacksonJsonHttpMessageConvertersCustomizer; SearchStrategy: all) found beans of type 'org.springframework.boot.http.converter.autoconfigure.JacksonHttpMessageConvertersConfiguration$JacksonJsonHttpMessageConvertersCustomizer' jacksonJsonHttpMessageConvertersCustomizer; NestedCondition on Jackson2HttpMessageConvertersConfiguration.PreferJackson2OrJacksonUnavailableCondition.Jackson2Preferred @ConditionalOnProperty (spring.http.converters.preferred-json-mapper=jackson2) did not find property 'spring.http.converters.preferred-json-mapper' (Jackson2HttpMessageConvertersConfiguration.PreferJackson2OrJacksonUnavailableCondition)
      Matched:
         - @ConditionalOnClass found required class 'com.fasterxml.jackson.databind.ObjectMapper' (OnClassCondition)

   Jackson2HttpMessageConvertersConfiguration.MappingJackson2XmlHttpMessageConverterConfiguration:
      Did not match:
         - @ConditionalOnClass did not find required class 'com.fasterxml.jackson.dataformat.xml.XmlMapper' (OnClassCondition)

   JacksonAutoConfiguration.CborConfiguration:
      Did not match:
         - @ConditionalOnClass did not find required class 'tools.jackson.dataformat.cbor.CBORMapper' (OnClassCondition)

   JacksonAutoConfiguration.XmlConfiguration:
      Did not match:
         - @ConditionalOnClass did not find required class 'tools.jackson.dataformat.xml.XmlMapper' (OnClassCondition)

   JacksonHttpMessageConvertersConfiguration.JacksonXmlHttpMessageConverterConfiguration:
      Did not match:
         - @ConditionalOnClass did not find required class 'tools.jackson.dataformat.xml.XmlMapper' (OnClassCondition)

   JdbcClientAutoConfiguration:
      Did not match:
         - @ConditionalOnSingleCandidate (types: org.springframework.jdbc.core.namedparam.NamedParameterJdbcTemplate; SearchStrategy: all) did not find any beans (OnBeanCondition)

   JdbcTemplateAutoConfiguration:
      Did not match:
         - @ConditionalOnSingleCandidate (types: javax.sql.DataSource; SearchStrategy: all) did not find any beans (OnBeanCondition)
      Matched:
         - @ConditionalOnClass found required classes 'javax.sql.DataSource', 'org.springframework.jdbc.core.JdbcTemplate' (OnClassCondition)

   JmxAutoConfiguration:
      Did not match:
         - @ConditionalOnBooleanProperty (spring.jmx.enabled=true) did not find property 'spring.jmx.enabled' (OnPropertyCondition)
      Matched:
         - @ConditionalOnClass found required class 'org.springframework.jmx.export.MBeanExporter' (OnClassCondition)

   JndiDataSourceAutoConfiguration:
      Did not match:
         - @ConditionalOnProperty (spring.datasource.jndi-name) did not find property 'spring.datasource.jndi-name' (OnPropertyCondition)
      Matched:
         - @ConditionalOnClass found required classes 'javax.sql.DataSource', 'org.springframework.jdbc.datasource.embedded.EmbeddedDatabaseType' (OnClassCondition)

   JndiJtaConfiguration:
      Did not match:
         - @ConditionalOnJndi JNDI environment is not available (OnJndiCondition)
      Matched:
         - @ConditionalOnClass found required class 'org.springframework.transaction.jta.JtaTransactionManager' (OnClassCondition)

   JsonbHttpMessageConvertersConfiguration:
      Did not match:
         - @ConditionalOnClass did not find required class 'jakarta.json.bind.Jsonb' (OnClassCondition)

   KotlinSerializationHttpMessageConvertersConfiguration:
      Did not match:
         - @ConditionalOnClass did not find required classes 'kotlinx.serialization.Serializable', 'kotlinx.serialization.json.Json' (OnClassCondition)

   LocalDevToolsAutoConfiguration.LiveReloadConfiguration:
      Did not match:
         - @ConditionalOnBooleanProperty (spring.devtools.livereload.enabled=true) did not find property 'spring.devtools.livereload.enabled' (OnPropertyCondition)

   MessageSourceAutoConfiguration:
      Did not match:
         - ResourceBundle did not find bundle with basename messages (MessageSourceAutoConfiguration.ResourceBundleCondition)

   ProjectInfoAutoConfiguration#buildProperties:
      Did not match:
         - @ConditionalOnResource did not find resource '${spring.info.build.location:classpath:META-INF/build-info.properties}' (OnResourceCondition)

   ProjectInfoAutoConfiguration#gitProperties:
      Did not match:
         - GitResource did not find git info at classpath:git.properties (ProjectInfoAutoConfiguration.GitResourceAvailableCondition)

   RemoteDevToolsAutoConfiguration:
      Did not match:
         - @ConditionalOnProperty (spring.devtools.remote.secret) did not find property 'spring.devtools.remote.secret' (OnPropertyCondition)
      Matched:
         - @ConditionalOnClass found required classes 'jakarta.servlet.Filter', 'org.springframework.http.server.ServerHttpRequest', 'org.springframework.boot.web.server.autoconfigure.ServerProperties' (OnClassCondition)

   ServletHttpExchangesAutoConfiguration:
      Did not match:
         - @ConditionalOnBean did not find required type 'org.springframework.boot.actuate.web.exchanges.HttpExchangeRepository' (OnBeanCondition)

   ServletManagementContextAutoConfiguration:
      Did not match:
         - @ConditionalOnClass did not find required class 'org.springframework.boot.actuate.autoconfigure.endpoint.web.WebEndpointProperties' (OnClassCondition)

   ServletMappingsAutoConfiguration:
      Did not match:
         - @ConditionalOnClass did not find required class 'org.springframework.boot.actuate.autoconfigure.endpoint.condition.ConditionalOnAvailableEndpoint' (OnClassCondition)

   ServletWebServerConfiguration#forwardedHeaderFilter:
      Did not match:
         - @ConditionalOnProperty (server.forward-headers-strategy=framework) did not find property 'server.forward-headers-strategy' (OnPropertyCondition)

   SpringApplicationAdminJmxAutoConfiguration:
      Did not match:
         - @ConditionalOnBooleanProperty (spring.application.admin.enabled=true) did not find property 'spring.application.admin.enabled' (OnPropertyCondition)

   TaskExecutorConfigurations.AsyncConfigurerWrapperConfiguration:
      Did not match:
         - @ConditionalOnBean (types: org.springframework.scheduling.annotation.AsyncConfigurer; SearchStrategy: all) did not find any beans of type org.springframework.scheduling.annotation.AsyncConfigurer (OnBeanCondition)

   TaskExecutorConfigurations.SimpleAsyncTaskExecutorBuilderConfiguration#simpleAsyncTaskExecutorBuilderVirtualThreads:
      Did not match:
         - @ConditionalOnMissingBean (types: org.springframework.boot.task.SimpleAsyncTaskExecutorBuilder; SearchStrategy: all) found beans of type 'org.springframework.boot.task.SimpleAsyncTaskExecutorBuilder' simpleAsyncTaskExecutorBuilder (OnBeanCondition)

   TaskExecutorConfigurations.TaskExecutorConfiguration#applicationTaskExecutorVirtualThreads:
      Did not match:
         - @ConditionalOnThreading did not find VIRTUAL (OnThreadingCondition)

   TaskSchedulingAutoConfiguration#scheduledBeanLazyInitializationExcludeFilter:
      Did not match:
         - @ConditionalOnBean (names: org.springframework.scheduling.config.internalScheduledAnnotationProcessor; SearchStrategy: all) did not find any beans named org.springframework.scheduling.config.internalScheduledAnnotationProcessor (OnBeanCondition)

   TaskSchedulingConfigurations.SimpleAsyncTaskSchedulerBuilderConfiguration#simpleAsyncTaskSchedulerBuilderVirtualThreads:
      Did not match:
         - @ConditionalOnMissingBean (types: org.springframework.boot.task.SimpleAsyncTaskSchedulerBuilder; SearchStrategy: all) found beans of type 'org.springframework.boot.task.SimpleAsyncTaskSchedulerBuilder' simpleAsyncTaskSchedulerBuilder (OnBeanCondition)

   TaskSchedulingConfigurations.TaskSchedulerConfiguration:
      Did not match:
         - @ConditionalOnBean (names: org.springframework.scheduling.config.internalScheduledAnnotationProcessor; SearchStrategy: all) did not find any beans named org.springframework.scheduling.config.internalScheduledAnnotationProcessor (OnBeanCondition)

   TomcatMetricsAutoConfiguration:
      Did not match:
         - @ConditionalOnClass did not find required class 'io.micrometer.core.instrument.binder.tomcat.TomcatMetrics' (OnClassCondition)

   TomcatReactiveManagementContextAutoConfiguration:
      Did not match:
         - @ConditionalOnClass did not find required class 'org.springframework.boot.actuate.autoconfigure.web.server.ManagementContextFactory' (OnClassCondition)

   TomcatReactiveWebServerAutoConfiguration:
      Did not match:
         - @ConditionalOnWebApplication did not find reactive web application classes (OnWebApplicationCondition)

   TomcatServletManagementContextAutoConfiguration:
      Did not match:
         - @ConditionalOnClass did not find required class 'org.springframework.boot.actuate.autoconfigure.web.server.ManagementContextFactory' (OnClassCondition)

   TomcatServletWebServerAutoConfiguration#tomcatForwardedHeaderFilterCustomizer:
      Did not match:
         - @ConditionalOnProperty (server.forward-headers-strategy=framework) did not find property 'server.forward-headers-strategy' (OnPropertyCondition)

   TomcatWebServerConfiguration#tomcatVirtualThreadsProtocolHandlerCustomizer:
      Did not match:
         - @ConditionalOnThreading did not find VIRTUAL (OnThreadingCondition)

   TransactionAutoConfiguration#transactionalOperator:
      Did not match:
         - @ConditionalOnSingleCandidate (types: org.springframework.transaction.ReactiveTransactionManager; SearchStrategy: all) did not find any beans (OnBeanCondition)

   TransactionAutoConfiguration.AspectJTransactionManagementConfiguration:
      Did not match:
         - @ConditionalOnBean (types: org.springframework.transaction.aspectj.AbstractTransactionAspect; SearchStrategy: all) did not find any beans of type org.springframework.transaction.aspectj.AbstractTransactionAspect (OnBeanCondition)

   TransactionAutoConfiguration.EnableTransactionManagementConfiguration:
      Did not match:
         - @ConditionalOnBean (types: org.springframework.transaction.TransactionManager; SearchStrategy: all) did not find any beans of type org.springframework.transaction.TransactionManager (OnBeanCondition)

   TransactionAutoConfiguration.EnableTransactionManagementConfiguration.CglibAutoProxyConfiguration:
      Did not match:
         - Ancestor org.springframework.boot.transaction.autoconfigure.TransactionAutoConfiguration$EnableTransactionManagementConfiguration did not match (ConditionEvaluationReport.AncestorsMatchedCondition)
      Matched:
         - @ConditionalOnBooleanProperty (spring.aop.proxy-target-class=true) matched (OnPropertyCondition)

   TransactionAutoConfiguration.EnableTransactionManagementConfiguration.JdkDynamicAutoProxyConfiguration:
      Did not match:
         - @ConditionalOnBooleanProperty (spring.aop.proxy-target-class=false) did not find property 'spring.aop.proxy-target-class' (OnPropertyCondition)
         - Ancestor org.springframework.boot.transaction.autoconfigure.TransactionAutoConfiguration$EnableTransactionManagementConfiguration did not match (ConditionEvaluationReport.AncestorsMatchedCondition)

   TransactionAutoConfiguration.TransactionTemplateConfiguration:
      Did not match:
         - @ConditionalOnSingleCandidate (types: org.springframework.transaction.PlatformTransactionManager; SearchStrategy: all) did not find any beans (OnBeanCondition)

   WebMvcAutoConfiguration#hiddenHttpMethodFilter:
      Did not match:
         - @ConditionalOnBooleanProperty (spring.mvc.hiddenmethod.filter.enabled=true) did not find property 'spring.mvc.hiddenmethod.filter.enabled' (OnPropertyCondition)

   WebMvcAutoConfiguration.ProblemDetailsErrorHandlingConfiguration:
      Did not match:
         - @ConditionalOnBooleanProperty (spring.mvc.problemdetails.enabled=true) did not find property 'spring.mvc.problemdetails.enabled' (OnPropertyCondition)

   WebMvcAutoConfiguration.ResourceChainCustomizerConfiguration:
      Did not match:
         - @ConditionalOnEnabledResourceChain did not find class org.webjars.WebJarVersionLocator (OnEnabledResourceChainCondition)

   WebMvcAutoConfiguration.WebMvcAutoConfigurationAdapter#beanNameViewResolver:
      Did not match:
         - @ConditionalOnMissingBean (types: org.springframework.web.servlet.view.BeanNameViewResolver; SearchStrategy: all) found beans of type 'org.springframework.web.servlet.view.BeanNameViewResolver' beanNameViewResolver (OnBeanCondition)

   WebMvcHealthEndpointExtensionAutoConfiguration:
      Did not match:
         - @ConditionalOnClass did not find required class 'org.springframework.boot.health.actuate.endpoint.HealthEndpoint' (OnClassCondition)

   WebMvcMappingsAutoConfiguration:
      Did not match:
         - @ConditionalOnClass did not find required class 'org.springframework.boot.actuate.autoconfigure.endpoint.condition.ConditionalOnAvailableEndpoint' (OnClassCondition)

   WebMvcObservationAutoConfiguration:
      Did not match:
         - @ConditionalOnClass did not find required class 'org.springframework.boot.micrometer.observation.autoconfigure.ObservationProperties' (OnClassCondition)

   XADataSourceAutoConfiguration:
      Did not match:
         - @ConditionalOnBean (types: org.springframework.boot.jdbc.XADataSourceWrapper; SearchStrategy: all) did not find any beans of type org.springframework.boot.jdbc.XADataSourceWrapper (OnBeanCondition)
      Matched:
         - @ConditionalOnClass found required classes 'javax.sql.DataSource', 'jakarta.transaction.TransactionManager', 'org.springframework.jdbc.datasource.embedded.EmbeddedDatabaseType' (OnClassCondition)


Exclusions:
-----------

    org.springframework.boot.jdbc.autoconfigure.DataSourceAutoConfiguration

    org.springframework.boot.jdbc.autoconfigure.DataSourceTransactionManagerAutoConfiguration

    org.springframework.boot.hibernate.autoconfigure.HibernateJpaAutoConfiguration


Unconditional classes:
----------------------

    org.springframework.boot.autoconfigure.context.ConfigurationPropertiesAutoConfiguration

    org.springframework.boot.autoconfigure.ssl.SslAutoConfiguration

    org.springframework.boot.autoconfigure.context.LifecycleAutoConfiguration

    org.springframework.boot.autoconfigure.context.PropertyPlaceholderAutoConfiguration

    org.springframework.boot.autoconfigure.availability.ApplicationAvailabilityAutoConfiguration

    org.springframework.boot.autoconfigure.info.ProjectInfoAutoConfiguration



2026-06-11T11:37:08.954+05:30  INFO 11320 --- [playwright-framework] [  restartedMain] c.a.p.PlaywrightFrameworkApplication     : Started PlaywrightFrameworkApplication in 0.209 seconds (process running for 1161.082)
2026-06-11T11:37:08.954+05:30 DEBUG 11320 --- [playwright-framework] [  restartedMain] o.s.b.a.ApplicationAvailabilityBean      : Application availability state LivenessState changed to CORRECT
2026-06-11T11:37:08.956+05:30  INFO 11320 --- [playwright-framework] [  restartedMain] .ConditionEvaluationDeltaLoggingListener : Condition evaluation unchanged
2026-06-11T11:37:08.956+05:30 DEBUG 11320 --- [playwright-framework] [  restartedMain] o.s.b.a.ApplicationAvailabilityBean      : Application availability state ReadinessState changed to ACCEPTING_TRAFFIC
2026-06-11T11:37:19.448+05:30  INFO 11320 --- [playwright-framework] [nio-8080-exec-1] o.a.c.c.C.[Tomcat].[localhost].[/]       : Initializing Spring DispatcherServlet 'dispatcherServlet'
2026-06-11T11:37:19.471+05:30  INFO 11320 --- [playwright-framework] [nio-8080-exec-1] o.s.web.servlet.DispatcherServlet        : Initializing Servlet 'dispatcherServlet'
2026-06-11T11:37:19.471+05:30 DEBUG 11320 --- [playwright-framework] [nio-8080-exec-1] o.s.web.servlet.DispatcherServlet        : Detected StandardServletMultipartResolver
2026-06-11T11:37:19.471+05:30 DEBUG 11320 --- [playwright-framework] [nio-8080-exec-1] o.s.web.servlet.DispatcherServlet        : Detected AcceptHeaderLocaleResolver
2026-06-11T11:37:19.472+05:30 DEBUG 11320 --- [playwright-framework] [nio-8080-exec-1] o.s.web.servlet.DispatcherServlet        : Detected org.springframework.web.servlet.view.DefaultRequestToViewNameTranslator@6b846f82
2026-06-11T11:37:19.473+05:30 DEBUG 11320 --- [playwright-framework] [nio-8080-exec-1] o.s.web.servlet.DispatcherServlet        : Detected org.springframework.web.servlet.support.SessionFlashMapManager@5364bf3f
2026-06-11T11:37:19.473+05:30 DEBUG 11320 --- [playwright-framework] [nio-8080-exec-1] o.s.web.servlet.DispatcherServlet        : enableLoggingRequestDetails='false': request parameters and headers will be masked to prevent unsafe logging of potentially sensitive data
2026-06-11T11:37:19.473+05:30  INFO 11320 --- [playwright-framework] [nio-8080-exec-1] o.s.web.servlet.DispatcherServlet        : Completed initialization in 2 ms
2026-06-11T11:37:19.474+05:30 DEBUG 11320 --- [playwright-framework] [nio-8080-exec-1] o.s.web.servlet.DispatcherServlet        : GET "/api/reports/latest", parameters={}
2026-06-11T11:37:19.474+05:30 DEBUG 11320 --- [playwright-framework] [nio-8080-exec-1] s.w.s.m.m.a.RequestMappingHandlerMapping : Mapped to com.automation.playwright_framework.TestReportController#latest()
2026-06-11T11:37:19.482+05:30 DEBUG 11320 --- [playwright-framework] [nio-8080-exec-1] o.s.w.s.m.m.a.HttpEntityMethodProcessor  : Using 'application/json', given [*/*] and supported [application/json]
2026-06-11T11:37:19.492+05:30 DEBUG 11320 --- [playwright-framework] [nio-8080-exec-1] o.s.w.s.m.m.a.HttpEntityMethodProcessor  : Writing [TestReportResponse[status=FAILURE, suiteName=com.automation.playwright_framework.CooDeclarationTestC (truncated)...]
2026-06-11T11:37:19.502+05:30 DEBUG 11320 --- [playwright-framework] [nio-8080-exec-1] o.s.web.servlet.DispatcherServlet        : Completed 200 OK
2026-06-11T11:38:19.456+05:30 DEBUG 11320 --- [playwright-framework] [nio-8080-exec-2] o.s.web.servlet.DispatcherServlet        : GET "/api/reports/latest", parameters={}
2026-06-11T11:38:19.479+05:30 DEBUG 11320 --- [playwright-framework] [nio-8080-exec-2] s.w.s.m.m.a.RequestMappingHandlerMapping : Mapped to com.automation.playwright_framework.TestReportController#latest()
2026-06-11T11:38:19.483+05:30 DEBUG 11320 --- [playwright-framework] [nio-8080-exec-2] o.s.w.s.m.m.a.HttpEntityMethodProcessor  : Using 'application/json', given [*/*] and supported [application/json]
2026-06-11T11:38:19.483+05:30 DEBUG 11320 --- [playwright-framework] [nio-8080-exec-2] o.s.w.s.m.m.a.HttpEntityMethodProcessor  : Writing [TestReportResponse[status=SUCCESS, suiteName=com.automation.playwright_framework.CooDeclarationTestC (truncated)...]
2026-06-11T11:38:19.486+05:30 DEBUG 11320 --- [playwright-framework] [nio-8080-exec-2] o.s.web.servlet.DispatcherServlet        : Completed 200 OK
2026-06-11T11:39:19.445+05:30 DEBUG 11320 --- [playwright-framework] [nio-8080-exec-3] o.s.web.servlet.DispatcherServlet        : GET "/api/reports/latest", parameters={}
2026-06-11T11:39:19.468+05:30 DEBUG 11320 --- [playwright-framework] [nio-8080-exec-3] s.w.s.m.m.a.RequestMappingHandlerMapping : Mapped to com.automation.playwright_framework.TestReportController#latest()
2026-06-11T11:39:19.471+05:30 DEBUG 11320 --- [playwright-framework] [nio-8080-exec-3] o.s.w.s.m.m.a.HttpEntityMethodProcessor  : Using 'application/json', given [*/*] and supported [application/json]
2026-06-11T11:39:19.471+05:30 DEBUG 11320 --- [playwright-framework] [nio-8080-exec-3] o.s.w.s.m.m.a.HttpEntityMethodProcessor  : Writing [TestReportResponse[status=SUCCESS, suiteName=com.automation.playwright_framework.CooDeclarationTestC (truncated)...]
2026-06-11T11:39:19.471+05:30 DEBUG 11320 --- [playwright-framework] [nio-8080-exec-3] o.s.web.servlet.DispatcherServlet        : Completed 200 OK
2026-06-11T11:40:19.456+05:30 DEBUG 11320 --- [playwright-framework] [nio-8080-exec-4] o.s.web.servlet.DispatcherServlet        : GET "/api/reports/latest", parameters={}
2026-06-11T11:40:19.480+05:30 DEBUG 11320 --- [playwright-framework] [nio-8080-exec-4] s.w.s.m.m.a.RequestMappingHandlerMapping : Mapped to com.automation.playwright_framework.TestReportController#latest()
2026-06-11T11:40:19.482+05:30 DEBUG 11320 --- [playwright-framework] [nio-8080-exec-4] o.s.w.s.m.m.a.HttpEntityMethodProcessor  : Using 'application/json', given [*/*] and supported [application/json]
2026-06-11T11:40:19.483+05:30 DEBUG 11320 --- [playwright-framework] [nio-8080-exec-4] o.s.w.s.m.m.a.HttpEntityMethodProcessor  : Writing [TestReportResponse[status=SUCCESS, suiteName=com.automation.playwright_framework.CooDeclarationTestC (truncated)...]
2026-06-11T11:40:19.485+05:30 DEBUG 11320 --- [playwright-framework] [nio-8080-exec-4] o.s.web.servlet.DispatcherServlet        : Completed 200 OK
2026-06-11T11:41:19.451+05:30 DEBUG 11320 --- [playwright-framework] [nio-8080-exec-5] o.s.web.servlet.DispatcherServlet        : GET "/api/reports/latest", parameters={}
2026-06-11T11:41:19.452+05:30 DEBUG 11320 --- [playwright-framework] [nio-8080-exec-5] s.w.s.m.m.a.RequestMappingHandlerMapping : Mapped to com.automation.playwright_framework.TestReportController#latest()
2026-06-11T11:41:19.455+05:30 DEBUG 11320 --- [playwright-framework] [nio-8080-exec-5] o.s.w.s.m.m.a.HttpEntityMethodProcessor  : Using 'application/json', given [*/*] and supported [application/json]
2026-06-11T11:41:19.455+05:30 DEBUG 11320 --- [playwright-framework] [nio-8080-exec-5] o.s.w.s.m.m.a.HttpEntityMethodProcessor  : Writing [TestReportResponse[status=FAILURE, suiteName=com.automation.playwright_framework.CooDeclarationTestC (truncated)...]
2026-06-11T11:41:19.456+05:30 DEBUG 11320 --- [playwright-framework] [nio-8080-exec-5] o.s.web.servlet.DispatcherServlet        : Completed 200 OK
2026-06-11T11:42:19.464+05:30 DEBUG 11320 --- [playwright-framework] [nio-8080-exec-6] o.s.web.servlet.DispatcherServlet        : GET "/api/reports/latest", parameters={}
2026-06-11T11:42:19.488+05:30 DEBUG 11320 --- [playwright-framework] [nio-8080-exec-6] s.w.s.m.m.a.RequestMappingHandlerMapping : Mapped to com.automation.playwright_framework.TestReportController#latest()
2026-06-11T11:42:19.491+05:30 DEBUG 11320 --- [playwright-framework] [nio-8080-exec-6] o.s.w.s.m.m.a.HttpEntityMethodProcessor  : Using 'application/json', given [*/*] and supported [application/json]
2026-06-11T11:42:19.491+05:30 DEBUG 11320 --- [playwright-framework] [nio-8080-exec-6] o.s.w.s.m.m.a.HttpEntityMethodProcessor  : Writing [TestReportResponse[status=FAILURE, suiteName=com.automation.playwright_framework.CooDeclarationTestC (truncated)...]
2026-06-11T11:42:19.492+05:30 DEBUG 11320 --- [playwright-framework] [nio-8080-exec-6] o.s.web.servlet.DispatcherServlet        : Completed 200 OK
2026-06-11T11:43:19.450+05:30 DEBUG 11320 --- [playwright-framework] [nio-8080-exec-7] o.s.web.servlet.DispatcherServlet        : GET "/api/reports/latest", parameters={}
2026-06-11T11:43:19.472+05:30 DEBUG 11320 --- [playwright-framework] [nio-8080-exec-7] s.w.s.m.m.a.RequestMappingHandlerMapping : Mapped to com.automation.playwright_framework.TestReportController#latest()
2026-06-11T11:43:19.475+05:30 DEBUG 11320 --- [playwright-framework] [nio-8080-exec-7] o.s.w.s.m.m.a.HttpEntityMethodProcessor  : Using 'application/json', given [*/*] and supported [application/json]
2026-06-11T11:43:19.476+05:30 DEBUG 11320 --- [playwright-framework] [nio-8080-exec-7] o.s.w.s.m.m.a.HttpEntityMethodProcessor  : Writing [TestReportResponse[status=FAILURE, suiteName=com.automation.playwright_framework.CooDeclarationTestC (truncated)...]
2026-06-11T11:43:19.476+05:30 DEBUG 11320 --- [playwright-framework] [nio-8080-exec-7] o.s.web.servlet.DispatcherServlet        : Completed 200 OK
2026-06-11T11:43:31.878+05:30  INFO 11320 --- [playwright-framework] [   File Watcher] rtingClassPathChangeChangedEventListener : Restarting due to 2 class path changes (0 additions, 0 deletions, 2 modifications)
2026-06-11T11:43:31.903+05:30 DEBUG 11320 --- [playwright-framework] [   File Watcher] rtingClassPathChangeChangedEventListener : Change set: [D:\Mohan\play-wright\target\classes [D:\Mohan\play-wright\target\classes\com\automation\DeclarationsPage$DeclarationListEntry.class (MODIFY), D:\Mohan\play-wright\target\classes\com\automation\DeclarationsPage.class (MODIFY)]]
2026-06-11T11:43:31.903+05:30 DEBUG 11320 --- [playwright-framework] [   File Watcher] o.s.boot.devtools.restart.Restarter      : Restarting application
2026-06-11T11:43:31.905+05:30 DEBUG 11320 --- [playwright-framework] [       Thread-5] o.s.boot.devtools.restart.Restarter      : Stopping application
2026-06-11T11:43:31.906+05:30 DEBUG 11320 --- [playwright-framework] [       Thread-5] o.s.b.a.ApplicationAvailabilityBean      : Application availability state ReadinessState changed from ACCEPTING_TRAFFIC to REFUSING_TRAFFIC
2026-06-11T11:43:31.907+05:30 DEBUG 11320 --- [playwright-framework] [       Thread-5] ConfigServletWebServerApplicationContext : Closing org.springframework.boot.web.server.servlet.context.AnnotationConfigServletWebServerApplicationContext@2cb67540, started on Thu Jun 11 11:37:08 IST 2026
2026-06-11T11:43:31.908+05:30  INFO 11320 --- [playwright-framework] [       Thread-5] o.s.boot.tomcat.GracefulShutdown         : Commencing graceful shutdown. Waiting for active requests to complete
2026-06-11T11:43:31.915+05:30  INFO 11320 --- [playwright-framework] [tomcat-shutdown] o.s.boot.tomcat.GracefulShutdown         : Graceful shutdown complete
2026-06-11T11:43:31.949+05:30 DEBUG 11320 --- [playwright-framework] [       Thread-5] o.s.boot.devtools.restart.Restarter      : Starting application com.automation.playwright_framework.PlaywrightFrameworkApplication with URLs [file:/D:/Mohan/play-wright/target/classes/]

  .   ____          _            __ _ _
 /\\ / ___'_ __ _ _(_)_ __  __ _ \ \ \ \
( ( )\___ | '_ | '_| | '_ \/ _` | \ \ \ \
 \\/  ___)| |_)| | | | | || (_| |  ) ) ) )
  '  |____| .__|_| |_|_| |_\__, | / / / /
 =========|_|==============|___/=/_/_/_/

 :: Spring Boot ::                (v4.0.6)

2026-06-11T11:43:31.968+05:30  INFO 11320 --- [playwright-framework] [  restartedMain] c.a.p.PlaywrightFrameworkApplication     : Starting PlaywrightFrameworkApplication using Java 21.0.8 with PID 11320 (D:\Mohan\play-wright\target\classes started by mabis in D:\Mohan\play-wright)
2026-06-11T11:43:31.968+05:30  INFO 11320 --- [playwright-framework] [  restartedMain] c.a.p.PlaywrightFrameworkApplication     : No active profile set, falling back to 1 default profile: "default"
2026-06-11T11:43:31.968+05:30 DEBUG 11320 --- [playwright-framework] [  restartedMain] o.s.boot.SpringApplication               : Loading source class com.automation.playwright_framework.PlaywrightFrameworkApplication
2026-06-11T11:43:31.970+05:30 DEBUG 11320 --- [playwright-framework] [  restartedMain] ConfigServletWebServerApplicationContext : Refreshing org.springframework.boot.web.server.servlet.context.AnnotationConfigServletWebServerApplicationContext@5cd5c269
2026-06-11T11:43:32.051+05:30 DEBUG 11320 --- [playwright-framework] [  restartedMain] o.s.b.t.s.TomcatServletWebServerFactory  : Code archive: C:\Users\mabis\.m2\repository\org\springframework\boot\spring-boot-web-server\4.0.6\spring-boot-web-server-4.0.6.jar
2026-06-11T11:43:32.054+05:30 DEBUG 11320 --- [playwright-framework] [  restartedMain] o.s.b.t.s.TomcatServletWebServerFactory  : Code archive: C:\Users\mabis\.m2\repository\org\springframework\boot\spring-boot-web-server\4.0.6\spring-boot-web-server-4.0.6.jar
2026-06-11T11:43:32.054+05:30 DEBUG 11320 --- [playwright-framework] [  restartedMain] o.s.b.t.s.TomcatServletWebServerFactory  : None of the document roots [src/main/webapp, public, static] point to a directory and will be ignored.
2026-06-11T11:43:32.059+05:30  INFO 11320 --- [playwright-framework] [  restartedMain] o.s.boot.tomcat.TomcatWebServer          : Tomcat initialized with port 8080 (http)
2026-06-11T11:43:32.060+05:30  INFO 11320 --- [playwright-framework] [  restartedMain] o.apache.catalina.core.StandardService   : Starting service [Tomcat]
2026-06-11T11:43:32.060+05:30  INFO 11320 --- [playwright-framework] [  restartedMain] o.apache.catalina.core.StandardEngine    : Starting Servlet engine: [Apache Tomcat/11.0.21]
2026-06-11T11:43:32.072+05:30 DEBUG 11320 --- [playwright-framework] [  restartedMain] b.w.c.s.WebApplicationContextInitializer : Published root WebApplicationContext as ServletContext attribute with name [org.springframework.web.context.WebApplicationContext.ROOT]
2026-06-11T11:43:32.072+05:30  INFO 11320 --- [playwright-framework] [  restartedMain] b.w.c.s.WebApplicationContextInitializer : Root WebApplicationContext: initialization completed in 102 ms
2026-06-11T11:43:32.074+05:30 DEBUG 11320 --- [playwright-framework] [  restartedMain] o.s.b.w.s.ServletContextInitializerBeans : Mapping filters: characterEncodingFilter urls=[/*] order=-2147483648, formContentFilter urls=[/*] order=-9900, requestContextFilter urls=[/*] order=-105
2026-06-11T11:43:32.074+05:30 DEBUG 11320 --- [playwright-framework] [  restartedMain] o.s.b.w.s.ServletContextInitializerBeans : Mapping servlets: dispatcherServlet urls=[/]
2026-06-11T11:43:32.074+05:30 DEBUG 11320 --- [playwright-framework] [  restartedMain] o.s.b.s.f.OrderedRequestContextFilter    : Filter 'requestContextFilter' configured for use
2026-06-11T11:43:32.074+05:30 DEBUG 11320 --- [playwright-framework] [  restartedMain] o.s.b.s.f.OrderedCharacterEncodingFilter : Filter 'characterEncodingFilter' configured for use
2026-06-11T11:43:32.076+05:30 DEBUG 11320 --- [playwright-framework] [  restartedMain] o.s.b.s.filter.OrderedFormContentFilter  : Filter 'formContentFilter' configured for use
2026-06-11T11:43:32.095+05:30 DEBUG 11320 --- [playwright-framework] [  restartedMain] o.s.b.a.AutoConfigurationPackages        : @EnableAutoConfiguration was declared on a class in the package 'com.automation.playwright_framework'. Automatic @Repository and @Entity scanning is enabled.
2026-06-11T11:43:32.102+05:30 DEBUG 11320 --- [playwright-framework] [  restartedMain] s.w.s.m.m.a.RequestMappingHandlerMapping : 4 mappings in 'requestMappingHandlerMapping'
2026-06-11T11:43:32.105+05:30 DEBUG 11320 --- [playwright-framework] [  restartedMain] o.s.w.s.handler.SimpleUrlHandlerMapping  : Patterns [/webjars/**, /**] in 'resourceHandlerMapping'
2026-06-11T11:43:32.107+05:30 DEBUG 11320 --- [playwright-framework] [  restartedMain] s.w.s.m.m.a.RequestMappingHandlerAdapter : ControllerAdvice beans: 0 @ModelAttribute, 0 @InitBinder, 2 RequestBodyAdvice, 1 ResponseBodyAdvice
2026-06-11T11:43:32.109+05:30 DEBUG 11320 --- [playwright-framework] [  restartedMain] .m.m.a.ExceptionHandlerExceptionResolver : ControllerAdvice beans: 0 @ExceptionHandler, 1 ResponseBodyAdvice
2026-06-11T11:43:32.121+05:30  INFO 11320 --- [playwright-framework] [  restartedMain] o.s.boot.tomcat.TomcatWebServer          : Tomcat started on port 8080 (http) with context path '/'
2026-06-11T11:43:32.122+05:30 DEBUG 11320 --- [playwright-framework] [  restartedMain] .s.b.a.l.ConditionEvaluationReportLogger : 


============================
CONDITIONS EVALUATION REPORT
============================


Positive matches:
-----------------

   AopAutoConfiguration matched:
      - @ConditionalOnBooleanProperty (spring.aop.auto=true) matched (OnPropertyCondition)

   AopAutoConfiguration.AspectJAutoProxyingConfiguration matched:
      - @ConditionalOnClass found required class 'org.aspectj.weaver.Advice' (OnClassCondition)

   AopAutoConfiguration.AspectJAutoProxyingConfiguration.CglibAutoProxyConfiguration matched:
      - @ConditionalOnBooleanProperty (spring.aop.proxy-target-class=true) matched (OnPropertyCondition)

   ApplicationAvailabilityAutoConfiguration#applicationAvailability matched:
      - @ConditionalOnMissingBean (types: org.springframework.boot.availability.ApplicationAvailability; SearchStrategy: all) did not find any beans (OnBeanCondition)

   DataWebAutoConfiguration matched:
      - @ConditionalOnClass found required classes 'org.springframework.data.web.PageableHandlerMethodArgumentResolver', 'org.springframework.web.servlet.config.annotation.WebMvcConfigurer' (OnClassCondition)
      - found 'session' scope (OnWebApplicationCondition)
      - @ConditionalOnMissingBean (types: org.springframework.data.web.PageableHandlerMethodArgumentResolver; SearchStrategy: all) did not find any beans (OnBeanCondition)

   DataWebAutoConfiguration#pageableCustomizer matched:
      - @ConditionalOnMissingBean (types: org.springframework.data.web.config.PageableHandlerMethodArgumentResolverCustomizer; SearchStrategy: all) did not find any beans (OnBeanCondition)

   DataWebAutoConfiguration#sortCustomizer matched:
      - @ConditionalOnMissingBean (types: org.springframework.data.web.config.SortHandlerMethodArgumentResolverCustomizer; SearchStrategy: all) did not find any beans (OnBeanCondition)

   DataWebAutoConfiguration#springDataWebSettings matched:
      - @ConditionalOnMissingBean (types: org.springframework.data.web.config.SpringDataWebSettings; SearchStrategy: all) did not find any beans (OnBeanCondition)

   DispatcherServletAutoConfiguration matched:
      - @ConditionalOnClass found required class 'org.springframework.web.servlet.DispatcherServlet' (OnClassCondition)
      - found 'session' scope (OnWebApplicationCondition)

   DispatcherServletAutoConfiguration.DispatcherServletConfiguration matched:
      - @ConditionalOnClass found required class 'jakarta.servlet.ServletRegistration' (OnClassCondition)
      - Default DispatcherServlet did not find dispatcher servlet beans (DispatcherServletAutoConfiguration.DefaultDispatcherServletCondition)

   DispatcherServletAutoConfiguration.DispatcherServletRegistrationConfiguration matched:
      - @ConditionalOnClass found required class 'jakarta.servlet.ServletRegistration' (OnClassCondition)
      - DispatcherServlet Registration did not find servlet registration bean (DispatcherServletAutoConfiguration.DispatcherServletRegistrationCondition)

   DispatcherServletAutoConfiguration.DispatcherServletRegistrationConfiguration#dispatcherServletRegistration matched:
      - @ConditionalOnBean (names: dispatcherServlet types: org.springframework.web.servlet.DispatcherServlet; SearchStrategy: all) found bean 'dispatcherServlet' (OnBeanCondition)

   ErrorMvcAutoConfiguration matched:
      - @ConditionalOnClass found required classes 'jakarta.servlet.Servlet', 'org.springframework.web.servlet.DispatcherServlet' (OnClassCondition)
      - found 'session' scope (OnWebApplicationCondition)

   ErrorMvcAutoConfiguration#basicErrorController matched:
      - @ConditionalOnMissingBean (types: org.springframework.boot.webmvc.error.ErrorController; SearchStrategy: current) did not find any beans (OnBeanCondition)

   ErrorMvcAutoConfiguration#errorAttributes matched:
      - @ConditionalOnMissingBean (types: org.springframework.boot.webmvc.error.ErrorAttributes; SearchStrategy: current) did not find any beans (OnBeanCondition)

   ErrorMvcAutoConfiguration.DefaultErrorViewResolverConfiguration#conventionErrorViewResolver matched:
      - @ConditionalOnBean (types: org.springframework.web.servlet.DispatcherServlet; SearchStrategy: all) found bean 'dispatcherServlet'; @ConditionalOnMissingBean (types: org.springframework.boot.webmvc.autoconfigure.error.ErrorViewResolver; SearchStrategy: all) did not find any beans (OnBeanCondition)

   ErrorMvcAutoConfiguration.WhitelabelErrorViewConfiguration matched:
      - @ConditionalOnBooleanProperty (spring.web.error.whitelabel.enabled=true) matched (OnPropertyCondition)
      - ErrorTemplate Missing did not find error template view (ErrorMvcAutoConfiguration.ErrorTemplateMissingCondition)

   ErrorMvcAutoConfiguration.WhitelabelErrorViewConfiguration#beanNameViewResolver matched:
      - @ConditionalOnMissingBean (types: org.springframework.web.servlet.view.BeanNameViewResolver; SearchStrategy: all) did not find any beans (OnBeanCondition)

   ErrorMvcAutoConfiguration.WhitelabelErrorViewConfiguration#defaultErrorView matched:
      - @ConditionalOnMissingBean (names: error; SearchStrategy: all) did not find any beans (OnBeanCondition)

   GsonHttpMessageConvertersConfiguration matched:
      - @ConditionalOnClass found required class 'com.google.gson.Gson' (OnClassCondition)

   HttpEncodingAutoConfiguration matched:
      - @ConditionalOnClass found required class 'org.springframework.web.filter.CharacterEncodingFilter' (OnClassCondition)
      - found 'session' scope (OnWebApplicationCondition)
      - @ConditionalOnBooleanProperty (spring.servlet.encoding.enabled=true) matched (OnPropertyCondition)

   HttpEncodingAutoConfiguration#characterEncodingFilter matched:
      - @ConditionalOnMissingBean (types: org.springframework.web.filter.CharacterEncodingFilter; SearchStrategy: all) did not find any beans (OnBeanCondition)

   HttpMessageConvertersAutoConfiguration matched:
      - @ConditionalOnClass found required class 'org.springframework.http.converter.HttpMessageConverter' (OnClassCondition)
      - NoneNestedConditions 0 matched 1 did not; NestedCondition on HttpMessageConvertersAutoConfiguration.NotReactiveWebApplicationCondition.ReactiveWebApplication did not find reactive web application classes (HttpMessageConvertersAutoConfiguration.NotReactiveWebApplicationCondition)

   HttpMessageConvertersAutoConfiguration.StringHttpMessageConverterConfiguration#stringHttpMessageConvertersCustomizer matched:
      - @ConditionalOnMissingBean (types: org.springframework.http.converter.StringHttpMessageConverter; SearchStrategy: all) did not find any beans (OnBeanCondition)

   JacksonAutoConfiguration matched:
      - @ConditionalOnClass found required class 'tools.jackson.databind.json.JsonMapper' (OnClassCondition)

   JacksonAutoConfiguration#jacksonJsonMapper matched:
      - @ConditionalOnMissingBean (types: tools.jackson.databind.json.JsonMapper; SearchStrategy: all) did not find any beans (OnBeanCondition)

   JacksonAutoConfiguration#jsonMapperBuilder matched:
      - @ConditionalOnMissingBean (types: tools.jackson.databind.json.JsonMapper$Builder; SearchStrategy: all) did not find any beans (OnBeanCondition)

   JacksonAutoConfiguration.JsonProblemDetailsConfiguration matched:
      - @ConditionalOnClass found required class 'org.springframework.http.ProblemDetail' (OnClassCondition)

   JacksonHttpMessageConvertersConfiguration.JacksonJsonHttpMessageConverterConfiguration matched:
      - @ConditionalOnClass found required class 'tools.jackson.databind.json.JsonMapper' (OnClassCondition)
      - @ConditionalOnProperty (spring.http.converters.preferred-json-mapper=jackson) matched (OnPropertyCondition)
      - @ConditionalOnBean (types: tools.jackson.databind.json.JsonMapper; SearchStrategy: all) found bean 'jacksonJsonMapper' (OnBeanCondition)

   JacksonHttpMessageConvertersConfiguration.JacksonJsonHttpMessageConverterConfiguration#jacksonJsonHttpMessageConvertersCustomizer matched:
      - @ConditionalOnMissingBean (types: org.springframework.http.converter.json.JacksonJsonHttpMessageConverter ignored: org.springframework.hateoas.server.mvc.TypeConstrainedJacksonJsonHttpMessageConverter,org.springframework.data.rest.webmvc.alps.AlpsJacksonJsonHttpMessageConverter; SearchStrategy: all) did not find any beans (OnBeanCondition)

   JtaAutoConfiguration matched:
      - @ConditionalOnClass found required class 'jakarta.transaction.Transaction' (OnClassCondition)
      - @ConditionalOnBooleanProperty (spring.jta.enabled=true) matched (OnPropertyCondition)

   LifecycleAutoConfiguration#defaultLifecycleProcessor matched:
      - @ConditionalOnMissingBean (names: lifecycleProcessor; SearchStrategy: current) did not find any beans (OnBeanCondition)

   LocalDevToolsAutoConfiguration matched:
      - Initialized Restarter Condition available and initialized (OnInitializedRestarterCondition)

   LocalDevToolsAutoConfiguration.RestartConfiguration matched:
      - @ConditionalOnBooleanProperty (spring.devtools.restart.enabled=true) matched (OnPropertyCondition)

   LocalDevToolsAutoConfiguration.RestartConfiguration#classPathFileSystemWatcher matched:
      - @ConditionalOnMissingBean (types: org.springframework.boot.devtools.classpath.ClassPathFileSystemWatcher; SearchStrategy: all) did not find any beans (OnBeanCondition)

   LocalDevToolsAutoConfiguration.RestartConfiguration#classPathRestartStrategy matched:
      - @ConditionalOnMissingBean (types: org.springframework.boot.devtools.classpath.ClassPathRestartStrategy; SearchStrategy: all) did not find any beans (OnBeanCondition)

   LocalDevToolsAutoConfiguration.RestartConfiguration#conditionEvaluationDeltaLoggingListener matched:
      - @ConditionalOnBooleanProperty (spring.devtools.restart.log-condition-evaluation-delta=true) matched (OnPropertyCondition)

   MultipartAutoConfiguration matched:
      - @ConditionalOnClass found required classes 'jakarta.servlet.Servlet', 'org.springframework.web.multipart.support.StandardServletMultipartResolver', 'jakarta.servlet.MultipartConfigElement' (OnClassCondition)
      - found 'session' scope (OnWebApplicationCondition)
      - @ConditionalOnBooleanProperty (spring.servlet.multipart.enabled=true) matched (OnPropertyCondition)

   MultipartAutoConfiguration#multipartConfigElement matched:
      - @ConditionalOnMissingBean (types: jakarta.servlet.MultipartConfigElement; SearchStrategy: all) did not find any beans (OnBeanCondition)

   MultipartAutoConfiguration#multipartResolver matched:
      - @ConditionalOnMissingBean (types: org.springframework.web.multipart.MultipartResolver; SearchStrategy: all) did not find any beans (OnBeanCondition)

   PersistenceExceptionTranslationAutoConfiguration matched:
      - @ConditionalOnClass found required class 'org.springframework.dao.annotation.PersistenceExceptionTranslationPostProcessor' (OnClassCondition)

   PersistenceExceptionTranslationAutoConfiguration#persistenceExceptionTranslationPostProcessor matched:
      - @ConditionalOnBooleanProperty (spring.persistence.exceptiontranslation.enabled=true) matched (OnPropertyCondition)
      - @ConditionalOnMissingBean (types: org.springframework.dao.annotation.PersistenceExceptionTranslationPostProcessor; SearchStrategy: all) did not find any beans (OnBeanCondition)

   PropertyPlaceholderAutoConfiguration#propertySourcesPlaceholderConfigurer matched:
      - @ConditionalOnMissingBean (types: org.springframework.context.support.PropertySourcesPlaceholderConfigurer; SearchStrategy: current) did not find any beans (OnBeanCondition)

   SslAutoConfiguration#sslBundleRegistry matched:
      - @ConditionalOnMissingBean (types: org.springframework.boot.ssl.SslBundleRegistry,org.springframework.boot.ssl.SslBundles; SearchStrategy: all) did not find any beans (OnBeanCondition)

   TaskExecutionAutoConfiguration matched:
      - @ConditionalOnClass found required class 'org.springframework.scheduling.concurrent.ThreadPoolTaskExecutor' (OnClassCondition)

   TaskExecutorConfigurations.AsyncConfigurerConfiguration matched:
      - @ConditionalOnMissingBean (types: org.springframework.scheduling.annotation.AsyncConfigurer; SearchStrategy: all) did not find any beans (OnBeanCondition)

   TaskExecutorConfigurations.SimpleAsyncTaskExecutorBuilderConfiguration#simpleAsyncTaskExecutorBuilder matched:
      - @ConditionalOnMissingBean (types: org.springframework.boot.task.SimpleAsyncTaskExecutorBuilder; SearchStrategy: all) did not find any beans (OnBeanCondition)
      - @ConditionalOnThreading found PLATFORM (OnThreadingCondition)

   TaskExecutorConfigurations.TaskExecutorConfiguration matched:
      - AnyNestedCondition 1 matched 1 did not; NestedCondition on TaskExecutorConfigurations.OnExecutorCondition.ModelCondition @ConditionalOnProperty (spring.task.execution.mode=force) did not find property 'spring.task.execution.mode'; NestedCondition on TaskExecutorConfigurations.OnExecutorCondition.ExecutorBeanCondition @ConditionalOnMissingBean (types: java.util.concurrent.Executor; SearchStrategy: all) did not find any beans (TaskExecutorConfigurations.OnExecutorCondition)

   TaskExecutorConfigurations.TaskExecutorConfiguration#applicationTaskExecutor matched:
      - @ConditionalOnThreading found PLATFORM (OnThreadingCondition)

   TaskExecutorConfigurations.ThreadPoolTaskExecutorBuilderConfiguration#threadPoolTaskExecutorBuilder matched:
      - @ConditionalOnMissingBean (types: org.springframework.boot.task.ThreadPoolTaskExecutorBuilder; SearchStrategy: all) did not find any beans (OnBeanCondition)

   TaskSchedulingAutoConfiguration matched:
      - @ConditionalOnClass found required class 'org.springframework.scheduling.concurrent.ThreadPoolTaskScheduler' (OnClassCondition)

   TaskSchedulingConfigurations.SimpleAsyncTaskSchedulerBuilderConfiguration#simpleAsyncTaskSchedulerBuilder matched:
      - @ConditionalOnMissingBean (types: org.springframework.boot.task.SimpleAsyncTaskSchedulerBuilder; SearchStrategy: all) did not find any beans (OnBeanCondition)
      - @ConditionalOnThreading found PLATFORM (OnThreadingCondition)

   TaskSchedulingConfigurations.ThreadPoolTaskSchedulerBuilderConfiguration#threadPoolTaskSchedulerBuilder matched:
      - @ConditionalOnMissingBean (types: org.springframework.boot.task.ThreadPoolTaskSchedulerBuilder; SearchStrategy: all) did not find any beans (OnBeanCondition)

   TomcatServletWebServerAutoConfiguration matched:
      - @ConditionalOnClass found required classes 'jakarta.servlet.ServletRequest', 'org.apache.catalina.startup.Tomcat', 'org.apache.coyote.UpgradeProtocol', 'org.springframework.boot.tomcat.servlet.TomcatServletWebServerFactory' (OnClassCondition)
      - found 'session' scope (OnWebApplicationCondition)

   TomcatServletWebServerAutoConfiguration#tomcatServletWebServerFactory matched:
      - @ConditionalOnMissingBean (types: org.springframework.boot.web.server.servlet.ServletWebServerFactory; SearchStrategy: current) did not find any beans (OnBeanCondition)

   TomcatWebServerConfiguration matched:
      - @ConditionalOnWarDeployment the application is not deployed as a WAR file. (OnWarDeploymentCondition)

   TomcatWebServerConfiguration.TomcatWebSocketConfiguration matched:
      - @ConditionalOnClass found required class 'org.apache.tomcat.websocket.server.WsSci' (OnClassCondition)

   TransactionAutoConfiguration matched:
      - @ConditionalOnClass found required class 'org.springframework.transaction.PlatformTransactionManager' (OnClassCondition)

   TransactionManagerCustomizationAutoConfiguration matched:
      - @ConditionalOnClass found required class 'org.springframework.transaction.PlatformTransactionManager' (OnClassCondition)

   TransactionManagerCustomizationAutoConfiguration#platformTransactionManagerCustomizers matched:
      - @ConditionalOnMissingBean (types: org.springframework.boot.transaction.autoconfigure.TransactionManagerCustomizers; SearchStrategy: all) did not find any beans (OnBeanCondition)

   ValidationAutoConfiguration matched:
      - @ConditionalOnClass found required class 'jakarta.validation.executable.ExecutableValidator' (OnClassCondition)
      - @ConditionalOnResource found location classpath:META-INF/services/jakarta.validation.spi.ValidationProvider (OnResourceCondition)

   ValidationAutoConfiguration#defaultValidator matched:
      - @ConditionalOnMissingBean (types: jakarta.validation.Validator; SearchStrategy: all) did not find any beans (OnBeanCondition)

   ValidationAutoConfiguration#methodValidationPostProcessor matched:
      - @ConditionalOnMissingBean (types: org.springframework.validation.beanvalidation.MethodValidationPostProcessor; SearchStrategy: current) did not find any beans (OnBeanCondition)

   WebMvcAutoConfiguration matched:
      - @ConditionalOnClass found required classes 'jakarta.servlet.Servlet', 'org.springframework.web.servlet.DispatcherServlet', 'org.springframework.web.servlet.config.annotation.WebMvcConfigurer' (OnClassCondition)
      - found 'session' scope (OnWebApplicationCondition)
      - @ConditionalOnMissingBean (types: org.springframework.web.servlet.config.annotation.WebMvcConfigurationSupport; SearchStrategy: all) did not find any beans (OnBeanCondition)

   WebMvcAutoConfiguration#formContentFilter matched:
      - @ConditionalOnBooleanProperty (spring.mvc.formcontent.filter.enabled=true) matched (OnPropertyCondition)
      - @ConditionalOnMissingBean (types: org.springframework.web.filter.FormContentFilter; SearchStrategy: all) did not find any beans (OnBeanCondition)

   WebMvcAutoConfiguration.EnableWebMvcConfiguration#flashMapManager matched:
      - @ConditionalOnMissingBean (names: flashMapManager; SearchStrategy: all) did not find any beans (OnBeanCondition)

   WebMvcAutoConfiguration.EnableWebMvcConfiguration#localeResolver matched:
      - @ConditionalOnMissingBean (names: localeResolver; SearchStrategy: all) did not find any beans (OnBeanCondition)

   WebMvcAutoConfiguration.EnableWebMvcConfiguration#viewNameTranslator matched:
      - @ConditionalOnMissingBean (names: viewNameTranslator; SearchStrategy: all) did not find any beans (OnBeanCondition)

   WebMvcAutoConfiguration.WebMvcAutoConfigurationAdapter#defaultViewResolver matched:
      - @ConditionalOnMissingBean (types: org.springframework.web.servlet.view.InternalResourceViewResolver; SearchStrategy: all) did not find any beans (OnBeanCondition)

   WebMvcAutoConfiguration.WebMvcAutoConfigurationAdapter#requestContextFilter matched:
      - @ConditionalOnMissingBean (types: org.springframework.web.context.request.RequestContextListener,org.springframework.web.filter.RequestContextFilter; SearchStrategy: all) did not find any beans (OnBeanCondition)

   WebMvcAutoConfiguration.WebMvcAutoConfigurationAdapter#viewResolver matched:
      - @ConditionalOnBean (types: org.springframework.web.servlet.ViewResolver; SearchStrategy: all) found beans 'defaultViewResolver', 'beanNameViewResolver', 'mvcViewResolver'; @ConditionalOnMissingBean (names: viewResolver types: org.springframework.web.servlet.view.ContentNegotiatingViewResolver; SearchStrategy: all) did not find any beans (OnBeanCondition)


Negative matches:
-----------------

   AopAutoConfiguration.AspectJAutoProxyingConfiguration.JdkDynamicAutoProxyConfiguration:
      Did not match:
         - @ConditionalOnBooleanProperty (spring.aop.proxy-target-class=false) did not find property 'spring.aop.proxy-target-class' (OnPropertyCondition)

   AopAutoConfiguration.ClassProxyingConfiguration:
      Did not match:
         - @ConditionalOnMissingClass found unwanted class 'org.aspectj.weaver.Advice' (OnClassCondition)

   DataJpaRepositoriesAutoConfiguration:
      Did not match:
         - @ConditionalOnBean (types: javax.sql.DataSource; SearchStrategy: all) did not find any beans of type javax.sql.DataSource (OnBeanCondition)
      Matched:
         - @ConditionalOnClass found required class 'org.springframework.data.jpa.repository.JpaRepository' (OnClassCondition)
         - @ConditionalOnBooleanProperty (spring.data.jpa.repositories.enabled=true) matched (OnPropertyCondition)

   DataRepositoryMetricsAutoConfiguration:
      Did not match:
         - @ConditionalOnBean did not find required type 'io.micrometer.core.instrument.MeterRegistry' (OnBeanCondition)

   DataSourceHealthContributorAutoConfiguration:
      Did not match:
         - @ConditionalOnClass did not find required class 'org.springframework.boot.health.autoconfigure.contributor.ConditionalOnEnabledHealthIndicator' (OnClassCondition)

   DataSourceInitializationAutoConfiguration:
      Did not match:
         - @ConditionalOnSingleCandidate (types: javax.sql.DataSource; SearchStrategy: all) did not find any beans (OnBeanCondition)
      Matched:
         - @ConditionalOnClass found required class 'org.springframework.jdbc.datasource.init.DatabasePopulator' (OnClassCondition)
         - SQL InitializationDatabase Initialization default value is EMBEDDED (OnSqlInitializationCondition)

   DataSourcePoolMetricsAutoConfiguration:
      Did not match:
         - @ConditionalOnClass did not find required class 'io.micrometer.core.instrument.MeterRegistry' (OnClassCondition)

   DevToolsDataSourceAutoConfiguration:
      Did not match:
         - DevTools DataSource Condition did not find a single DataSource bean (DevToolsDataSourceAutoConfiguration.DevToolsDataSourceCondition)
      Matched:
         - @ConditionalOnClass found required class 'javax.sql.DataSource' (OnClassCondition)
         - Devtools devtools enabled. (OnEnabledDevToolsCondition)

   DevToolsDataSourceAutoConfiguration.DatabaseShutdownExecutorEntityManagerFactoryDependsOnConfiguration:
      Did not match:
         - Ancestor org.springframework.boot.devtools.autoconfigure.DevToolsDataSourceAutoConfiguration did not match (ConditionEvaluationReport.AncestorsMatchedCondition)
      Matched:
         - @ConditionalOnClass found required classes 'org.springframework.boot.jpa.autoconfigure.EntityManagerFactoryDependsOnPostProcessor', 'org.springframework.orm.jpa.LocalContainerEntityManagerFactoryBean' (OnClassCondition)

   DevToolsR2dbcAutoConfiguration:
      Did not match:
         - @ConditionalOnClass did not find required class 'io.r2dbc.spi.ConnectionFactory' (OnClassCondition)

   DispatcherServletAutoConfiguration.DispatcherServletConfiguration#multipartResolver:
      Did not match:
         - @ConditionalOnBean (types: org.springframework.web.multipart.MultipartResolver; SearchStrategy: all) did not find any beans of type org.springframework.web.multipart.MultipartResolver (OnBeanCondition)

   GsonHttpMessageConvertersConfiguration.GsonHttpMessageConverterConfiguration:
      Did not match:
         - AnyNestedCondition 0 matched 2 did not; NestedCondition on GsonHttpMessageConvertersConfiguration.PreferGsonOrJacksonAndJsonbUnavailableCondition.JacksonJsonbUnavailable NoneNestedConditions 1 matched 2 did not; NestedCondition on GsonHttpMessageConvertersConfiguration.JacksonAndJsonbUnavailableCondition.JsonbPreferred @ConditionalOnProperty (spring.http.converters.preferred-json-mapper=jsonb) did not find property 'spring.http.converters.preferred-json-mapper'; NestedCondition on GsonHttpMessageConvertersConfiguration.JacksonAndJsonbUnavailableCondition.Jackson2Available @ConditionalOnBean (types: org.springframework.boot.http.converter.autoconfigure.Jackson2HttpMessageConvertersConfiguration$Jackson2JsonMessageConvertersCustomizer; SearchStrategy: all) did not find any beans of type org.springframework.boot.http.converter.autoconfigure.Jackson2HttpMessageConvertersConfiguration$Jackson2JsonMessageConvertersCustomizer; NestedCondition on GsonHttpMessageConvertersConfiguration.JacksonAndJsonbUnavailableCondition.JacksonAvailable @ConditionalOnBean (types: org.springframework.boot.http.converter.autoconfigure.JacksonHttpMessageConvertersConfiguration$JacksonJsonHttpMessageConvertersCustomizer; SearchStrategy: all) found bean 'jacksonJsonHttpMessageConvertersCustomizer'; NestedCondition on GsonHttpMessageConvertersConfiguration.PreferGsonOrJacksonAndJsonbUnavailableCondition.GsonPreferred @ConditionalOnProperty (spring.http.converters.preferred-json-mapper=gson) did not find property 'spring.http.converters.preferred-json-mapper' (GsonHttpMessageConvertersConfiguration.PreferGsonOrJacksonAndJsonbUnavailableCondition)

   HibernateMetricsAutoConfiguration:
      Did not match:
         - @ConditionalOnClass did not find required class 'io.micrometer.core.instrument.MeterRegistry' (OnClassCondition)

   Jackson2HttpMessageConvertersConfiguration.MappingJackson2HttpMessageConverterConfiguration:
      Did not match:
         - AnyNestedCondition 0 matched 2 did not; NestedCondition on Jackson2HttpMessageConvertersConfiguration.PreferJackson2OrJacksonUnavailableCondition.JacksonUnavailable @ConditionalOnMissingBean (types: org.springframework.boot.http.converter.autoconfigure.JacksonHttpMessageConvertersConfiguration$JacksonJsonHttpMessageConvertersCustomizer; SearchStrategy: all) found beans of type 'org.springframework.boot.http.converter.autoconfigure.JacksonHttpMessageConvertersConfiguration$JacksonJsonHttpMessageConvertersCustomizer' jacksonJsonHttpMessageConvertersCustomizer; NestedCondition on Jackson2HttpMessageConvertersConfiguration.PreferJackson2OrJacksonUnavailableCondition.Jackson2Preferred @ConditionalOnProperty (spring.http.converters.preferred-json-mapper=jackson2) did not find property 'spring.http.converters.preferred-json-mapper' (Jackson2HttpMessageConvertersConfiguration.PreferJackson2OrJacksonUnavailableCondition)
      Matched:
         - @ConditionalOnClass found required class 'com.fasterxml.jackson.databind.ObjectMapper' (OnClassCondition)

   Jackson2HttpMessageConvertersConfiguration.MappingJackson2XmlHttpMessageConverterConfiguration:
      Did not match:
         - @ConditionalOnClass did not find required class 'com.fasterxml.jackson.dataformat.xml.XmlMapper' (OnClassCondition)

   JacksonAutoConfiguration.CborConfiguration:
      Did not match:
         - @ConditionalOnClass did not find required class 'tools.jackson.dataformat.cbor.CBORMapper' (OnClassCondition)

   JacksonAutoConfiguration.XmlConfiguration:
      Did not match:
         - @ConditionalOnClass did not find required class 'tools.jackson.dataformat.xml.XmlMapper' (OnClassCondition)

   JacksonHttpMessageConvertersConfiguration.JacksonXmlHttpMessageConverterConfiguration:
      Did not match:
         - @ConditionalOnClass did not find required class 'tools.jackson.dataformat.xml.XmlMapper' (OnClassCondition)

   JdbcClientAutoConfiguration:
      Did not match:
         - @ConditionalOnSingleCandidate (types: org.springframework.jdbc.core.namedparam.NamedParameterJdbcTemplate; SearchStrategy: all) did not find any beans (OnBeanCondition)

   JdbcTemplateAutoConfiguration:
      Did not match:
         - @ConditionalOnSingleCandidate (types: javax.sql.DataSource; SearchStrategy: all) did not find any beans (OnBeanCondition)
      Matched:
         - @ConditionalOnClass found required classes 'javax.sql.DataSource', 'org.springframework.jdbc.core.JdbcTemplate' (OnClassCondition)

   JmxAutoConfiguration:
      Did not match:
         - @ConditionalOnBooleanProperty (spring.jmx.enabled=true) did not find property 'spring.jmx.enabled' (OnPropertyCondition)
      Matched:
         - @ConditionalOnClass found required class 'org.springframework.jmx.export.MBeanExporter' (OnClassCondition)

   JndiDataSourceAutoConfiguration:
      Did not match:
         - @ConditionalOnProperty (spring.datasource.jndi-name) did not find property 'spring.datasource.jndi-name' (OnPropertyCondition)
      Matched:
         - @ConditionalOnClass found required classes 'javax.sql.DataSource', 'org.springframework.jdbc.datasource.embedded.EmbeddedDatabaseType' (OnClassCondition)

   JndiJtaConfiguration:
      Did not match:
         - @ConditionalOnJndi JNDI environment is not available (OnJndiCondition)
      Matched:
         - @ConditionalOnClass found required class 'org.springframework.transaction.jta.JtaTransactionManager' (OnClassCondition)

   JsonbHttpMessageConvertersConfiguration:
      Did not match:
         - @ConditionalOnClass did not find required class 'jakarta.json.bind.Jsonb' (OnClassCondition)

   KotlinSerializationHttpMessageConvertersConfiguration:
      Did not match:
         - @ConditionalOnClass did not find required classes 'kotlinx.serialization.Serializable', 'kotlinx.serialization.json.Json' (OnClassCondition)

   LocalDevToolsAutoConfiguration.LiveReloadConfiguration:
      Did not match:
         - @ConditionalOnBooleanProperty (spring.devtools.livereload.enabled=true) did not find property 'spring.devtools.livereload.enabled' (OnPropertyCondition)

   MessageSourceAutoConfiguration:
      Did not match:
         - ResourceBundle did not find bundle with basename messages (MessageSourceAutoConfiguration.ResourceBundleCondition)

   ProjectInfoAutoConfiguration#buildProperties:
      Did not match:
         - @ConditionalOnResource did not find resource '${spring.info.build.location:classpath:META-INF/build-info.properties}' (OnResourceCondition)

   ProjectInfoAutoConfiguration#gitProperties:
      Did not match:
         - GitResource did not find git info at classpath:git.properties (ProjectInfoAutoConfiguration.GitResourceAvailableCondition)

   RemoteDevToolsAutoConfiguration:
      Did not match:
         - @ConditionalOnProperty (spring.devtools.remote.secret) did not find property 'spring.devtools.remote.secret' (OnPropertyCondition)
      Matched:
         - @ConditionalOnClass found required classes 'jakarta.servlet.Filter', 'org.springframework.http.server.ServerHttpRequest', 'org.springframework.boot.web.server.autoconfigure.ServerProperties' (OnClassCondition)

   ServletHttpExchangesAutoConfiguration:
      Did not match:
         - @ConditionalOnBean did not find required type 'org.springframework.boot.actuate.web.exchanges.HttpExchangeRepository' (OnBeanCondition)

   ServletManagementContextAutoConfiguration:
      Did not match:
         - @ConditionalOnClass did not find required class 'org.springframework.boot.actuate.autoconfigure.endpoint.web.WebEndpointProperties' (OnClassCondition)

   ServletMappingsAutoConfiguration:
      Did not match:
         - @ConditionalOnClass did not find required class 'org.springframework.boot.actuate.autoconfigure.endpoint.condition.ConditionalOnAvailableEndpoint' (OnClassCondition)

   ServletWebServerConfiguration#forwardedHeaderFilter:
      Did not match:
         - @ConditionalOnProperty (server.forward-headers-strategy=framework) did not find property 'server.forward-headers-strategy' (OnPropertyCondition)

   SpringApplicationAdminJmxAutoConfiguration:
      Did not match:
         - @ConditionalOnBooleanProperty (spring.application.admin.enabled=true) did not find property 'spring.application.admin.enabled' (OnPropertyCondition)

   TaskExecutorConfigurations.AsyncConfigurerWrapperConfiguration:
      Did not match:
         - @ConditionalOnBean (types: org.springframework.scheduling.annotation.AsyncConfigurer; SearchStrategy: all) did not find any beans of type org.springframework.scheduling.annotation.AsyncConfigurer (OnBeanCondition)

   TaskExecutorConfigurations.SimpleAsyncTaskExecutorBuilderConfiguration#simpleAsyncTaskExecutorBuilderVirtualThreads:
      Did not match:
         - @ConditionalOnMissingBean (types: org.springframework.boot.task.SimpleAsyncTaskExecutorBuilder; SearchStrategy: all) found beans of type 'org.springframework.boot.task.SimpleAsyncTaskExecutorBuilder' simpleAsyncTaskExecutorBuilder (OnBeanCondition)

   TaskExecutorConfigurations.TaskExecutorConfiguration#applicationTaskExecutorVirtualThreads:
      Did not match:
         - @ConditionalOnThreading did not find VIRTUAL (OnThreadingCondition)

   TaskSchedulingAutoConfiguration#scheduledBeanLazyInitializationExcludeFilter:
      Did not match:
         - @ConditionalOnBean (names: org.springframework.scheduling.config.internalScheduledAnnotationProcessor; SearchStrategy: all) did not find any beans named org.springframework.scheduling.config.internalScheduledAnnotationProcessor (OnBeanCondition)

   TaskSchedulingConfigurations.SimpleAsyncTaskSchedulerBuilderConfiguration#simpleAsyncTaskSchedulerBuilderVirtualThreads:
      Did not match:
         - @ConditionalOnMissingBean (types: org.springframework.boot.task.SimpleAsyncTaskSchedulerBuilder; SearchStrategy: all) found beans of type 'org.springframework.boot.task.SimpleAsyncTaskSchedulerBuilder' simpleAsyncTaskSchedulerBuilder (OnBeanCondition)

   TaskSchedulingConfigurations.TaskSchedulerConfiguration:
      Did not match:
         - @ConditionalOnBean (names: org.springframework.scheduling.config.internalScheduledAnnotationProcessor; SearchStrategy: all) did not find any beans named org.springframework.scheduling.config.internalScheduledAnnotationProcessor (OnBeanCondition)

   TomcatMetricsAutoConfiguration:
      Did not match:
         - @ConditionalOnClass did not find required class 'io.micrometer.core.instrument.binder.tomcat.TomcatMetrics' (OnClassCondition)

   TomcatReactiveManagementContextAutoConfiguration:
      Did not match:
         - @ConditionalOnClass did not find required class 'org.springframework.boot.actuate.autoconfigure.web.server.ManagementContextFactory' (OnClassCondition)

   TomcatReactiveWebServerAutoConfiguration:
      Did not match:
         - @ConditionalOnWebApplication did not find reactive web application classes (OnWebApplicationCondition)

   TomcatServletManagementContextAutoConfiguration:
      Did not match:
         - @ConditionalOnClass did not find required class 'org.springframework.boot.actuate.autoconfigure.web.server.ManagementContextFactory' (OnClassCondition)

   TomcatServletWebServerAutoConfiguration#tomcatForwardedHeaderFilterCustomizer:
      Did not match:
         - @ConditionalOnProperty (server.forward-headers-strategy=framework) did not find property 'server.forward-headers-strategy' (OnPropertyCondition)

   TomcatWebServerConfiguration#tomcatVirtualThreadsProtocolHandlerCustomizer:
      Did not match:
         - @ConditionalOnThreading did not find VIRTUAL (OnThreadingCondition)

   TransactionAutoConfiguration#transactionalOperator:
      Did not match:
         - @ConditionalOnSingleCandidate (types: org.springframework.transaction.ReactiveTransactionManager; SearchStrategy: all) did not find any beans (OnBeanCondition)

   TransactionAutoConfiguration.AspectJTransactionManagementConfiguration:
      Did not match:
         - @ConditionalOnBean (types: org.springframework.transaction.aspectj.AbstractTransactionAspect; SearchStrategy: all) did not find any beans of type org.springframework.transaction.aspectj.AbstractTransactionAspect (OnBeanCondition)

   TransactionAutoConfiguration.EnableTransactionManagementConfiguration:
      Did not match:
         - @ConditionalOnBean (types: org.springframework.transaction.TransactionManager; SearchStrategy: all) did not find any beans of type org.springframework.transaction.TransactionManager (OnBeanCondition)

   TransactionAutoConfiguration.EnableTransactionManagementConfiguration.CglibAutoProxyConfiguration:
      Did not match:
         - Ancestor org.springframework.boot.transaction.autoconfigure.TransactionAutoConfiguration$EnableTransactionManagementConfiguration did not match (ConditionEvaluationReport.AncestorsMatchedCondition)
      Matched:
         - @ConditionalOnBooleanProperty (spring.aop.proxy-target-class=true) matched (OnPropertyCondition)

   TransactionAutoConfiguration.EnableTransactionManagementConfiguration.JdkDynamicAutoProxyConfiguration:
      Did not match:
         - @ConditionalOnBooleanProperty (spring.aop.proxy-target-class=false) did not find property 'spring.aop.proxy-target-class' (OnPropertyCondition)
         - Ancestor org.springframework.boot.transaction.autoconfigure.TransactionAutoConfiguration$EnableTransactionManagementConfiguration did not match (ConditionEvaluationReport.AncestorsMatchedCondition)

   TransactionAutoConfiguration.TransactionTemplateConfiguration:
      Did not match:
         - @ConditionalOnSingleCandidate (types: org.springframework.transaction.PlatformTransactionManager; SearchStrategy: all) did not find any beans (OnBeanCondition)

   WebMvcAutoConfiguration#hiddenHttpMethodFilter:
      Did not match:
         - @ConditionalOnBooleanProperty (spring.mvc.hiddenmethod.filter.enabled=true) did not find property 'spring.mvc.hiddenmethod.filter.enabled' (OnPropertyCondition)

   WebMvcAutoConfiguration.ProblemDetailsErrorHandlingConfiguration:
      Did not match:
         - @ConditionalOnBooleanProperty (spring.mvc.problemdetails.enabled=true) did not find property 'spring.mvc.problemdetails.enabled' (OnPropertyCondition)

   WebMvcAutoConfiguration.ResourceChainCustomizerConfiguration:
      Did not match:
         - @ConditionalOnEnabledResourceChain did not find class org.webjars.WebJarVersionLocator (OnEnabledResourceChainCondition)

   WebMvcAutoConfiguration.WebMvcAutoConfigurationAdapter#beanNameViewResolver:
      Did not match:
         - @ConditionalOnMissingBean (types: org.springframework.web.servlet.view.BeanNameViewResolver; SearchStrategy: all) found beans of type 'org.springframework.web.servlet.view.BeanNameViewResolver' beanNameViewResolver (OnBeanCondition)

   WebMvcHealthEndpointExtensionAutoConfiguration:
      Did not match:
         - @ConditionalOnClass did not find required class 'org.springframework.boot.health.actuate.endpoint.HealthEndpoint' (OnClassCondition)

   WebMvcMappingsAutoConfiguration:
      Did not match:
         - @ConditionalOnClass did not find required class 'org.springframework.boot.actuate.autoconfigure.endpoint.condition.ConditionalOnAvailableEndpoint' (OnClassCondition)

   WebMvcObservationAutoConfiguration:
      Did not match:
         - @ConditionalOnClass did not find required class 'org.springframework.boot.micrometer.observation.autoconfigure.ObservationProperties' (OnClassCondition)

   XADataSourceAutoConfiguration:
      Did not match:
         - @ConditionalOnBean (types: org.springframework.boot.jdbc.XADataSourceWrapper; SearchStrategy: all) did not find any beans of type org.springframework.boot.jdbc.XADataSourceWrapper (OnBeanCondition)
      Matched:
         - @ConditionalOnClass found required classes 'javax.sql.DataSource', 'jakarta.transaction.TransactionManager', 'org.springframework.jdbc.datasource.embedded.EmbeddedDatabaseType' (OnClassCondition)


Exclusions:
-----------

    org.springframework.boot.jdbc.autoconfigure.DataSourceAutoConfiguration

    org.springframework.boot.jdbc.autoconfigure.DataSourceTransactionManagerAutoConfiguration

    org.springframework.boot.hibernate.autoconfigure.HibernateJpaAutoConfiguration


Unconditional classes:
----------------------

    org.springframework.boot.autoconfigure.context.ConfigurationPropertiesAutoConfiguration

    org.springframework.boot.autoconfigure.ssl.SslAutoConfiguration

    org.springframework.boot.autoconfigure.context.LifecycleAutoConfiguration

    org.springframework.boot.autoconfigure.context.PropertyPlaceholderAutoConfiguration

    org.springframework.boot.autoconfigure.availability.ApplicationAvailabilityAutoConfiguration

    org.springframework.boot.autoconfigure.info.ProjectInfoAutoConfiguration



2026-06-11T11:43:32.124+05:30  INFO 11320 --- [playwright-framework] [  restartedMain] c.a.p.PlaywrightFrameworkApplication     : Started PlaywrightFrameworkApplication in 0.168 seconds (process running for 1544.249)
2026-06-11T11:43:32.124+05:30 DEBUG 11320 --- [playwright-framework] [  restartedMain] o.s.b.a.ApplicationAvailabilityBean      : Application availability state LivenessState changed to CORRECT
2026-06-11T11:43:32.125+05:30  INFO 11320 --- [playwright-framework] [  restartedMain] .ConditionEvaluationDeltaLoggingListener : Condition evaluation unchanged
2026-06-11T11:43:32.126+05:30 DEBUG 11320 --- [playwright-framework] [  restartedMain] o.s.b.a.ApplicationAvailabilityBean      : Application availability state ReadinessState changed to ACCEPTING_TRAFFIC
2026-06-11T11:44:19.461+05:30  INFO 11320 --- [playwright-framework] [nio-8080-exec-1] o.a.c.c.C.[Tomcat].[localhost].[/]       : Initializing Spring DispatcherServlet 'dispatcherServlet'
2026-06-11T11:44:19.484+05:30  INFO 11320 --- [playwright-framework] [nio-8080-exec-1] o.s.web.servlet.DispatcherServlet        : Initializing Servlet 'dispatcherServlet'
2026-06-11T11:44:19.484+05:30 DEBUG 11320 --- [playwright-framework] [nio-8080-exec-1] o.s.web.servlet.DispatcherServlet        : Detected StandardServletMultipartResolver
2026-06-11T11:44:19.484+05:30 DEBUG 11320 --- [playwright-framework] [nio-8080-exec-1] o.s.web.servlet.DispatcherServlet        : Detected AcceptHeaderLocaleResolver
2026-06-11T11:44:19.487+05:30 DEBUG 11320 --- [playwright-framework] [nio-8080-exec-1] o.s.web.servlet.DispatcherServlet        : Detected org.springframework.web.servlet.view.DefaultRequestToViewNameTranslator@7f122d94
2026-06-11T11:44:19.487+05:30 DEBUG 11320 --- [playwright-framework] [nio-8080-exec-1] o.s.web.servlet.DispatcherServlet        : Detected org.springframework.web.servlet.support.SessionFlashMapManager@2f713320
2026-06-11T11:44:19.488+05:30 DEBUG 11320 --- [playwright-framework] [nio-8080-exec-1] o.s.web.servlet.DispatcherServlet        : enableLoggingRequestDetails='false': request parameters and headers will be masked to prevent unsafe logging of potentially sensitive data
2026-06-11T11:44:19.488+05:30  INFO 11320 --- [playwright-framework] [nio-8080-exec-1] o.s.web.servlet.DispatcherServlet        : Completed initialization in 4 ms
2026-06-11T11:44:19.488+05:30 DEBUG 11320 --- [playwright-framework] [nio-8080-exec-1] o.s.web.servlet.DispatcherServlet        : GET "/api/reports/latest", parameters={}
2026-06-11T11:44:19.490+05:30 DEBUG 11320 --- [playwright-framework] [nio-8080-exec-1] s.w.s.m.m.a.RequestMappingHandlerMapping : Mapped to com.automation.playwright_framework.TestReportController#latest()
2026-06-11T11:44:19.499+05:30 DEBUG 11320 --- [playwright-framework] [nio-8080-exec-1] o.s.w.s.m.m.a.HttpEntityMethodProcessor  : Using 'application/json', given [*/*] and supported [application/json]
2026-06-11T11:44:19.502+05:30 DEBUG 11320 --- [playwright-framework] [nio-8080-exec-1] o.s.w.s.m.m.a.HttpEntityMethodProcessor  : Writing [TestReportResponse[status=SUCCESS, suiteName=com.automation.playwright_framework.CooDeclarationTestC (truncated)...]
2026-06-11T11:44:19.509+05:30 DEBUG 11320 --- [playwright-framework] [nio-8080-exec-1] o.s.web.servlet.DispatcherServlet        : Completed 200 OK
2026-06-11T11:45:19.447+05:30 DEBUG 11320 --- [playwright-framework] [nio-8080-exec-2] o.s.web.servlet.DispatcherServlet        : GET "/api/reports/latest", parameters={}
2026-06-11T11:45:19.471+05:30 DEBUG 11320 --- [playwright-framework] [nio-8080-exec-2] s.w.s.m.m.a.RequestMappingHandlerMapping : Mapped to com.automation.playwright_framework.TestReportController#latest()
2026-06-11T11:45:19.474+05:30 DEBUG 11320 --- [playwright-framework] [nio-8080-exec-2] o.s.w.s.m.m.a.HttpEntityMethodProcessor  : Using 'application/json', given [*/*] and supported [application/json]
2026-06-11T11:45:19.476+05:30 DEBUG 11320 --- [playwright-framework] [nio-8080-exec-2] o.s.w.s.m.m.a.HttpEntityMethodProcessor  : Writing [TestReportResponse[status=SUCCESS, suiteName=com.automation.playwright_framework.CooDeclarationTestC (truncated)...]
2026-06-11T11:45:19.476+05:30 DEBUG 11320 --- [playwright-framework] [nio-8080-exec-2] o.s.web.servlet.DispatcherServlet        : Completed 200 OK
2026-06-11T11:46:19.455+05:30 DEBUG 11320 --- [playwright-framework] [nio-8080-exec-4] o.s.web.servlet.DispatcherServlet        : GET "/api/reports/latest", parameters={}
2026-06-11T11:46:19.479+05:30 DEBUG 11320 --- [playwright-framework] [nio-8080-exec-4] s.w.s.m.m.a.RequestMappingHandlerMapping : Mapped to com.automation.playwright_framework.TestReportController#latest()
2026-06-11T11:46:19.482+05:30 DEBUG 11320 --- [playwright-framework] [nio-8080-exec-4] o.s.w.s.m.m.a.HttpEntityMethodProcessor  : Using 'application/json', given [*/*] and supported [application/json]
2026-06-11T11:46:19.482+05:30 DEBUG 11320 --- [playwright-framework] [nio-8080-exec-4] o.s.w.s.m.m.a.HttpEntityMethodProcessor  : Writing [TestReportResponse[status=SUCCESS, suiteName=com.automation.playwright_framework.CooDeclarationTestC (truncated)...]
2026-06-11T11:46:19.482+05:30 DEBUG 11320 --- [playwright-framework] [nio-8080-exec-4] o.s.web.servlet.DispatcherServlet        : Completed 200 OK
2026-06-11T11:47:19.452+05:30 DEBUG 11320 --- [playwright-framework] [nio-8080-exec-5] o.s.web.servlet.DispatcherServlet        : GET "/api/reports/latest", parameters={}
2026-06-11T11:47:19.476+05:30 DEBUG 11320 --- [playwright-framework] [nio-8080-exec-5] s.w.s.m.m.a.RequestMappingHandlerMapping : Mapped to com.automation.playwright_framework.TestReportController#latest()
2026-06-11T11:47:19.480+05:30 DEBUG 11320 --- [playwright-framework] [nio-8080-exec-5] o.s.w.s.m.m.a.HttpEntityMethodProcessor  : Using 'application/json', given [*/*] and supported [application/json]
2026-06-11T11:47:19.481+05:30 DEBUG 11320 --- [playwright-framework] [nio-8080-exec-5] o.s.w.s.m.m.a.HttpEntityMethodProcessor  : Writing [TestReportResponse[status=FAILURE, suiteName=com.automation.playwright_framework.CooDeclarationTestC (truncated)...]
2026-06-11T11:47:19.482+05:30 DEBUG 11320 --- [playwright-framework] [nio-8080-exec-5] o.s.web.servlet.DispatcherServlet        : Completed 200 OK
2026-06-11T11:48:19.454+05:30 DEBUG 11320 --- [playwright-framework] [nio-8080-exec-3] o.s.web.servlet.DispatcherServlet        : GET "/api/reports/latest", parameters={}
2026-06-11T11:48:19.478+05:30 DEBUG 11320 --- [playwright-framework] [nio-8080-exec-3] s.w.s.m.m.a.RequestMappingHandlerMapping : Mapped to com.automation.playwright_framework.TestReportController#latest()
2026-06-11T11:48:19.481+05:30 DEBUG 11320 --- [playwright-framework] [nio-8080-exec-3] o.s.w.s.m.m.a.HttpEntityMethodProcessor  : Using 'application/json', given [*/*] and supported [application/json]
2026-06-11T11:48:19.481+05:30 DEBUG 11320 --- [playwright-framework] [nio-8080-exec-3] o.s.w.s.m.m.a.HttpEntityMethodProcessor  : Writing [TestReportResponse[status=FAILURE, suiteName=com.automation.playwright_framework.CooDeclarationTestC (truncated)...]
2026-06-11T11:48:19.483+05:30 DEBUG 11320 --- [playwright-framework] [nio-8080-exec-3] o.s.web.servlet.DispatcherServlet        : Completed 200 OK
2026-06-11T11:48:23.729+05:30  INFO 11320 --- [playwright-framework] [   File Watcher] rtingClassPathChangeChangedEventListener : Restarting due to 2 class path changes (0 additions, 0 deletions, 2 modifications)
2026-06-11T11:48:23.752+05:30 DEBUG 11320 --- [playwright-framework] [   File Watcher] rtingClassPathChangeChangedEventListener : Change set: [D:\Mohan\play-wright\target\classes [D:\Mohan\play-wright\target\classes\com\automation\DeclarationsPage$DeclarationListEntry.class (MODIFY), D:\Mohan\play-wright\target\classes\com\automation\DeclarationsPage.class (MODIFY)]]
2026-06-11T11:48:23.752+05:30 DEBUG 11320 --- [playwright-framework] [   File Watcher] o.s.boot.devtools.restart.Restarter      : Restarting application
2026-06-11T11:48:23.753+05:30 DEBUG 11320 --- [playwright-framework] [       Thread-9] o.s.boot.devtools.restart.Restarter      : Stopping application
2026-06-11T11:48:23.754+05:30 DEBUG 11320 --- [playwright-framework] [       Thread-9] o.s.b.a.ApplicationAvailabilityBean      : Application availability state ReadinessState changed from ACCEPTING_TRAFFIC to REFUSING_TRAFFIC
2026-06-11T11:48:23.755+05:30 DEBUG 11320 --- [playwright-framework] [       Thread-9] ConfigServletWebServerApplicationContext : Closing org.springframework.boot.web.server.servlet.context.AnnotationConfigServletWebServerApplicationContext@5cd5c269, started on Thu Jun 11 11:43:31 IST 2026
2026-06-11T11:48:23.755+05:30  INFO 11320 --- [playwright-framework] [       Thread-9] o.s.boot.tomcat.GracefulShutdown         : Commencing graceful shutdown. Waiting for active requests to complete
2026-06-11T11:48:23.764+05:30  INFO 11320 --- [playwright-framework] [tomcat-shutdown] o.s.boot.tomcat.GracefulShutdown         : Graceful shutdown complete
2026-06-11T11:48:23.802+05:30 DEBUG 11320 --- [playwright-framework] [       Thread-9] o.s.boot.devtools.restart.Restarter      : Starting application com.automation.playwright_framework.PlaywrightFrameworkApplication with URLs [file:/D:/Mohan/play-wright/target/classes/]

  .   ____          _            __ _ _
 /\\ / ___'_ __ _ _(_)_ __  __ _ \ \ \ \
( ( )\___ | '_ | '_| | '_ \/ _` | \ \ \ \
 \\/  ___)| |_)| | | | | || (_| |  ) ) ) )
  '  |____| .__|_| |_|_| |_\__, | / / / /
 =========|_|==============|___/=/_/_/_/

 :: Spring Boot ::                (v4.0.6)

2026-06-11T11:48:23.823+05:30  INFO 11320 --- [playwright-framework] [  restartedMain] c.a.p.PlaywrightFrameworkApplication     : Starting PlaywrightFrameworkApplication using Java 21.0.8 with PID 11320 (D:\Mohan\play-wright\target\classes started by mabis in D:\Mohan\play-wright)
2026-06-11T11:48:23.823+05:30  INFO 11320 --- [playwright-framework] [  restartedMain] c.a.p.PlaywrightFrameworkApplication     : No active profile set, falling back to 1 default profile: "default"
2026-06-11T11:48:23.823+05:30 DEBUG 11320 --- [playwright-framework] [  restartedMain] o.s.boot.SpringApplication               : Loading source class com.automation.playwright_framework.PlaywrightFrameworkApplication
2026-06-11T11:48:23.829+05:30 DEBUG 11320 --- [playwright-framework] [  restartedMain] ConfigServletWebServerApplicationContext : Refreshing org.springframework.boot.web.server.servlet.context.AnnotationConfigServletWebServerApplicationContext@1070daa6
2026-06-11T11:48:23.927+05:30 DEBUG 11320 --- [playwright-framework] [  restartedMain] o.s.b.t.s.TomcatServletWebServerFactory  : Code archive: C:\Users\mabis\.m2\repository\org\springframework\boot\spring-boot-web-server\4.0.6\spring-boot-web-server-4.0.6.jar
2026-06-11T11:48:23.929+05:30 DEBUG 11320 --- [playwright-framework] [  restartedMain] o.s.b.t.s.TomcatServletWebServerFactory  : Code archive: C:\Users\mabis\.m2\repository\org\springframework\boot\spring-boot-web-server\4.0.6\spring-boot-web-server-4.0.6.jar
2026-06-11T11:48:23.929+05:30 DEBUG 11320 --- [playwright-framework] [  restartedMain] o.s.b.t.s.TomcatServletWebServerFactory  : None of the document roots [src/main/webapp, public, static] point to a directory and will be ignored.
2026-06-11T11:48:23.936+05:30  INFO 11320 --- [playwright-framework] [  restartedMain] o.s.boot.tomcat.TomcatWebServer          : Tomcat initialized with port 8080 (http)
2026-06-11T11:48:23.937+05:30  INFO 11320 --- [playwright-framework] [  restartedMain] o.apache.catalina.core.StandardService   : Starting service [Tomcat]
2026-06-11T11:48:23.937+05:30  INFO 11320 --- [playwright-framework] [  restartedMain] o.apache.catalina.core.StandardEngine    : Starting Servlet engine: [Apache Tomcat/11.0.21]
2026-06-11T11:48:23.949+05:30 DEBUG 11320 --- [playwright-framework] [  restartedMain] b.w.c.s.WebApplicationContextInitializer : Published root WebApplicationContext as ServletContext attribute with name [org.springframework.web.context.WebApplicationContext.ROOT]
2026-06-11T11:48:23.949+05:30  INFO 11320 --- [playwright-framework] [  restartedMain] b.w.c.s.WebApplicationContextInitializer : Root WebApplicationContext: initialization completed in 120 ms
2026-06-11T11:48:23.952+05:30 DEBUG 11320 --- [playwright-framework] [  restartedMain] o.s.b.w.s.ServletContextInitializerBeans : Mapping filters: characterEncodingFilter urls=[/*] order=-2147483648, formContentFilter urls=[/*] order=-9900, requestContextFilter urls=[/*] order=-105
2026-06-11T11:48:23.953+05:30 DEBUG 11320 --- [playwright-framework] [  restartedMain] o.s.b.w.s.ServletContextInitializerBeans : Mapping servlets: dispatcherServlet urls=[/]
2026-06-11T11:48:23.953+05:30 DEBUG 11320 --- [playwright-framework] [  restartedMain] o.s.b.s.f.OrderedRequestContextFilter    : Filter 'requestContextFilter' configured for use
2026-06-11T11:48:23.953+05:30 DEBUG 11320 --- [playwright-framework] [  restartedMain] o.s.b.s.f.OrderedCharacterEncodingFilter : Filter 'characterEncodingFilter' configured for use
2026-06-11T11:48:23.953+05:30 DEBUG 11320 --- [playwright-framework] [  restartedMain] o.s.b.s.filter.OrderedFormContentFilter  : Filter 'formContentFilter' configured for use
2026-06-11T11:48:23.979+05:30 DEBUG 11320 --- [playwright-framework] [  restartedMain] o.s.b.a.AutoConfigurationPackages        : @EnableAutoConfiguration was declared on a class in the package 'com.automation.playwright_framework'. Automatic @Repository and @Entity scanning is enabled.
2026-06-11T11:48:23.989+05:30 DEBUG 11320 --- [playwright-framework] [  restartedMain] s.w.s.m.m.a.RequestMappingHandlerMapping : 4 mappings in 'requestMappingHandlerMapping'
2026-06-11T11:48:23.991+05:30 DEBUG 11320 --- [playwright-framework] [  restartedMain] o.s.w.s.handler.SimpleUrlHandlerMapping  : Patterns [/webjars/**, /**] in 'resourceHandlerMapping'
2026-06-11T11:48:23.993+05:30 DEBUG 11320 --- [playwright-framework] [  restartedMain] s.w.s.m.m.a.RequestMappingHandlerAdapter : ControllerAdvice beans: 0 @ModelAttribute, 0 @InitBinder, 2 RequestBodyAdvice, 1 ResponseBodyAdvice
2026-06-11T11:48:23.996+05:30 DEBUG 11320 --- [playwright-framework] [  restartedMain] .m.m.a.ExceptionHandlerExceptionResolver : ControllerAdvice beans: 0 @ExceptionHandler, 1 ResponseBodyAdvice
2026-06-11T11:48:24.006+05:30  INFO 11320 --- [playwright-framework] [  restartedMain] o.s.boot.tomcat.TomcatWebServer          : Tomcat started on port 8080 (http) with context path '/'
2026-06-11T11:48:24.007+05:30 DEBUG 11320 --- [playwright-framework] [  restartedMain] .s.b.a.l.ConditionEvaluationReportLogger : 


============================
CONDITIONS EVALUATION REPORT
============================


Positive matches:
-----------------

   AopAutoConfiguration matched:
      - @ConditionalOnBooleanProperty (spring.aop.auto=true) matched (OnPropertyCondition)

   AopAutoConfiguration.AspectJAutoProxyingConfiguration matched:
      - @ConditionalOnClass found required class 'org.aspectj.weaver.Advice' (OnClassCondition)

   AopAutoConfiguration.AspectJAutoProxyingConfiguration.CglibAutoProxyConfiguration matched:
      - @ConditionalOnBooleanProperty (spring.aop.proxy-target-class=true) matched (OnPropertyCondition)

   ApplicationAvailabilityAutoConfiguration#applicationAvailability matched:
      - @ConditionalOnMissingBean (types: org.springframework.boot.availability.ApplicationAvailability; SearchStrategy: all) did not find any beans (OnBeanCondition)

   DataWebAutoConfiguration matched:
      - @ConditionalOnClass found required classes 'org.springframework.data.web.PageableHandlerMethodArgumentResolver', 'org.springframework.web.servlet.config.annotation.WebMvcConfigurer' (OnClassCondition)
      - found 'session' scope (OnWebApplicationCondition)
      - @ConditionalOnMissingBean (types: org.springframework.data.web.PageableHandlerMethodArgumentResolver; SearchStrategy: all) did not find any beans (OnBeanCondition)

   DataWebAutoConfiguration#pageableCustomizer matched:
      - @ConditionalOnMissingBean (types: org.springframework.data.web.config.PageableHandlerMethodArgumentResolverCustomizer; SearchStrategy: all) did not find any beans (OnBeanCondition)

   DataWebAutoConfiguration#sortCustomizer matched:
      - @ConditionalOnMissingBean (types: org.springframework.data.web.config.SortHandlerMethodArgumentResolverCustomizer; SearchStrategy: all) did not find any beans (OnBeanCondition)

   DataWebAutoConfiguration#springDataWebSettings matched:
      - @ConditionalOnMissingBean (types: org.springframework.data.web.config.SpringDataWebSettings; SearchStrategy: all) did not find any beans (OnBeanCondition)

   DispatcherServletAutoConfiguration matched:
      - @ConditionalOnClass found required class 'org.springframework.web.servlet.DispatcherServlet' (OnClassCondition)
      - found 'session' scope (OnWebApplicationCondition)

   DispatcherServletAutoConfiguration.DispatcherServletConfiguration matched:
      - @ConditionalOnClass found required class 'jakarta.servlet.ServletRegistration' (OnClassCondition)
      - Default DispatcherServlet did not find dispatcher servlet beans (DispatcherServletAutoConfiguration.DefaultDispatcherServletCondition)

   DispatcherServletAutoConfiguration.DispatcherServletRegistrationConfiguration matched:
      - @ConditionalOnClass found required class 'jakarta.servlet.ServletRegistration' (OnClassCondition)
      - DispatcherServlet Registration did not find servlet registration bean (DispatcherServletAutoConfiguration.DispatcherServletRegistrationCondition)

   DispatcherServletAutoConfiguration.DispatcherServletRegistrationConfiguration#dispatcherServletRegistration matched:
      - @ConditionalOnBean (names: dispatcherServlet types: org.springframework.web.servlet.DispatcherServlet; SearchStrategy: all) found bean 'dispatcherServlet' (OnBeanCondition)

   ErrorMvcAutoConfiguration matched:
      - @ConditionalOnClass found required classes 'jakarta.servlet.Servlet', 'org.springframework.web.servlet.DispatcherServlet' (OnClassCondition)
      - found 'session' scope (OnWebApplicationCondition)

   ErrorMvcAutoConfiguration#basicErrorController matched:
      - @ConditionalOnMissingBean (types: org.springframework.boot.webmvc.error.ErrorController; SearchStrategy: current) did not find any beans (OnBeanCondition)

   ErrorMvcAutoConfiguration#errorAttributes matched:
      - @ConditionalOnMissingBean (types: org.springframework.boot.webmvc.error.ErrorAttributes; SearchStrategy: current) did not find any beans (OnBeanCondition)

   ErrorMvcAutoConfiguration.DefaultErrorViewResolverConfiguration#conventionErrorViewResolver matched:
      - @ConditionalOnBean (types: org.springframework.web.servlet.DispatcherServlet; SearchStrategy: all) found bean 'dispatcherServlet'; @ConditionalOnMissingBean (types: org.springframework.boot.webmvc.autoconfigure.error.ErrorViewResolver; SearchStrategy: all) did not find any beans (OnBeanCondition)

   ErrorMvcAutoConfiguration.WhitelabelErrorViewConfiguration matched:
      - @ConditionalOnBooleanProperty (spring.web.error.whitelabel.enabled=true) matched (OnPropertyCondition)
      - ErrorTemplate Missing did not find error template view (ErrorMvcAutoConfiguration.ErrorTemplateMissingCondition)

   ErrorMvcAutoConfiguration.WhitelabelErrorViewConfiguration#beanNameViewResolver matched:
      - @ConditionalOnMissingBean (types: org.springframework.web.servlet.view.BeanNameViewResolver; SearchStrategy: all) did not find any beans (OnBeanCondition)

   ErrorMvcAutoConfiguration.WhitelabelErrorViewConfiguration#defaultErrorView matched:
      - @ConditionalOnMissingBean (names: error; SearchStrategy: all) did not find any beans (OnBeanCondition)

   GsonHttpMessageConvertersConfiguration matched:
      - @ConditionalOnClass found required class 'com.google.gson.Gson' (OnClassCondition)

   HttpEncodingAutoConfiguration matched:
      - @ConditionalOnClass found required class 'org.springframework.web.filter.CharacterEncodingFilter' (OnClassCondition)
      - found 'session' scope (OnWebApplicationCondition)
      - @ConditionalOnBooleanProperty (spring.servlet.encoding.enabled=true) matched (OnPropertyCondition)

   HttpEncodingAutoConfiguration#characterEncodingFilter matched:
      - @ConditionalOnMissingBean (types: org.springframework.web.filter.CharacterEncodingFilter; SearchStrategy: all) did not find any beans (OnBeanCondition)

   HttpMessageConvertersAutoConfiguration matched:
      - @ConditionalOnClass found required class 'org.springframework.http.converter.HttpMessageConverter' (OnClassCondition)
      - NoneNestedConditions 0 matched 1 did not; NestedCondition on HttpMessageConvertersAutoConfiguration.NotReactiveWebApplicationCondition.ReactiveWebApplication did not find reactive web application classes (HttpMessageConvertersAutoConfiguration.NotReactiveWebApplicationCondition)

   HttpMessageConvertersAutoConfiguration.StringHttpMessageConverterConfiguration#stringHttpMessageConvertersCustomizer matched:
      - @ConditionalOnMissingBean (types: org.springframework.http.converter.StringHttpMessageConverter; SearchStrategy: all) did not find any beans (OnBeanCondition)

   JacksonAutoConfiguration matched:
      - @ConditionalOnClass found required class 'tools.jackson.databind.json.JsonMapper' (OnClassCondition)

   JacksonAutoConfiguration#jacksonJsonMapper matched:
      - @ConditionalOnMissingBean (types: tools.jackson.databind.json.JsonMapper; SearchStrategy: all) did not find any beans (OnBeanCondition)

   JacksonAutoConfiguration#jsonMapperBuilder matched:
      - @ConditionalOnMissingBean (types: tools.jackson.databind.json.JsonMapper$Builder; SearchStrategy: all) did not find any beans (OnBeanCondition)

   JacksonAutoConfiguration.JsonProblemDetailsConfiguration matched:
      - @ConditionalOnClass found required class 'org.springframework.http.ProblemDetail' (OnClassCondition)

   JacksonHttpMessageConvertersConfiguration.JacksonJsonHttpMessageConverterConfiguration matched:
      - @ConditionalOnClass found required class 'tools.jackson.databind.json.JsonMapper' (OnClassCondition)
      - @ConditionalOnProperty (spring.http.converters.preferred-json-mapper=jackson) matched (OnPropertyCondition)
      - @ConditionalOnBean (types: tools.jackson.databind.json.JsonMapper; SearchStrategy: all) found bean 'jacksonJsonMapper' (OnBeanCondition)

   JacksonHttpMessageConvertersConfiguration.JacksonJsonHttpMessageConverterConfiguration#jacksonJsonHttpMessageConvertersCustomizer matched:
      - @ConditionalOnMissingBean (types: org.springframework.http.converter.json.JacksonJsonHttpMessageConverter ignored: org.springframework.hateoas.server.mvc.TypeConstrainedJacksonJsonHttpMessageConverter,org.springframework.data.rest.webmvc.alps.AlpsJacksonJsonHttpMessageConverter; SearchStrategy: all) did not find any beans (OnBeanCondition)

   JtaAutoConfiguration matched:
      - @ConditionalOnClass found required class 'jakarta.transaction.Transaction' (OnClassCondition)
      - @ConditionalOnBooleanProperty (spring.jta.enabled=true) matched (OnPropertyCondition)

   LifecycleAutoConfiguration#defaultLifecycleProcessor matched:
      - @ConditionalOnMissingBean (names: lifecycleProcessor; SearchStrategy: current) did not find any beans (OnBeanCondition)

   LocalDevToolsAutoConfiguration matched:
      - Initialized Restarter Condition available and initialized (OnInitializedRestarterCondition)

   LocalDevToolsAutoConfiguration.RestartConfiguration matched:
      - @ConditionalOnBooleanProperty (spring.devtools.restart.enabled=true) matched (OnPropertyCondition)

   LocalDevToolsAutoConfiguration.RestartConfiguration#classPathFileSystemWatcher matched:
      - @ConditionalOnMissingBean (types: org.springframework.boot.devtools.classpath.ClassPathFileSystemWatcher; SearchStrategy: all) did not find any beans (OnBeanCondition)

   LocalDevToolsAutoConfiguration.RestartConfiguration#classPathRestartStrategy matched:
      - @ConditionalOnMissingBean (types: org.springframework.boot.devtools.classpath.ClassPathRestartStrategy; SearchStrategy: all) did not find any beans (OnBeanCondition)

   LocalDevToolsAutoConfiguration.RestartConfiguration#conditionEvaluationDeltaLoggingListener matched:
      - @ConditionalOnBooleanProperty (spring.devtools.restart.log-condition-evaluation-delta=true) matched (OnPropertyCondition)

   MultipartAutoConfiguration matched:
      - @ConditionalOnClass found required classes 'jakarta.servlet.Servlet', 'org.springframework.web.multipart.support.StandardServletMultipartResolver', 'jakarta.servlet.MultipartConfigElement' (OnClassCondition)
      - found 'session' scope (OnWebApplicationCondition)
      - @ConditionalOnBooleanProperty (spring.servlet.multipart.enabled=true) matched (OnPropertyCondition)

   MultipartAutoConfiguration#multipartConfigElement matched:
      - @ConditionalOnMissingBean (types: jakarta.servlet.MultipartConfigElement; SearchStrategy: all) did not find any beans (OnBeanCondition)

   MultipartAutoConfiguration#multipartResolver matched:
      - @ConditionalOnMissingBean (types: org.springframework.web.multipart.MultipartResolver; SearchStrategy: all) did not find any beans (OnBeanCondition)

   PersistenceExceptionTranslationAutoConfiguration matched:
      - @ConditionalOnClass found required class 'org.springframework.dao.annotation.PersistenceExceptionTranslationPostProcessor' (OnClassCondition)

   PersistenceExceptionTranslationAutoConfiguration#persistenceExceptionTranslationPostProcessor matched:
      - @ConditionalOnBooleanProperty (spring.persistence.exceptiontranslation.enabled=true) matched (OnPropertyCondition)
      - @ConditionalOnMissingBean (types: org.springframework.dao.annotation.PersistenceExceptionTranslationPostProcessor; SearchStrategy: all) did not find any beans (OnBeanCondition)

   PropertyPlaceholderAutoConfiguration#propertySourcesPlaceholderConfigurer matched:
      - @ConditionalOnMissingBean (types: org.springframework.context.support.PropertySourcesPlaceholderConfigurer; SearchStrategy: current) did not find any beans (OnBeanCondition)

   SslAutoConfiguration#sslBundleRegistry matched:
      - @ConditionalOnMissingBean (types: org.springframework.boot.ssl.SslBundleRegistry,org.springframework.boot.ssl.SslBundles; SearchStrategy: all) did not find any beans (OnBeanCondition)

   TaskExecutionAutoConfiguration matched:
      - @ConditionalOnClass found required class 'org.springframework.scheduling.concurrent.ThreadPoolTaskExecutor' (OnClassCondition)

   TaskExecutorConfigurations.AsyncConfigurerConfiguration matched:
      - @ConditionalOnMissingBean (types: org.springframework.scheduling.annotation.AsyncConfigurer; SearchStrategy: all) did not find any beans (OnBeanCondition)

   TaskExecutorConfigurations.SimpleAsyncTaskExecutorBuilderConfiguration#simpleAsyncTaskExecutorBuilder matched:
      - @ConditionalOnMissingBean (types: org.springframework.boot.task.SimpleAsyncTaskExecutorBuilder; SearchStrategy: all) did not find any beans (OnBeanCondition)
      - @ConditionalOnThreading found PLATFORM (OnThreadingCondition)

   TaskExecutorConfigurations.TaskExecutorConfiguration matched:
      - AnyNestedCondition 1 matched 1 did not; NestedCondition on TaskExecutorConfigurations.OnExecutorCondition.ModelCondition @ConditionalOnProperty (spring.task.execution.mode=force) did not find property 'spring.task.execution.mode'; NestedCondition on TaskExecutorConfigurations.OnExecutorCondition.ExecutorBeanCondition @ConditionalOnMissingBean (types: java.util.concurrent.Executor; SearchStrategy: all) did not find any beans (TaskExecutorConfigurations.OnExecutorCondition)

   TaskExecutorConfigurations.TaskExecutorConfiguration#applicationTaskExecutor matched:
      - @ConditionalOnThreading found PLATFORM (OnThreadingCondition)

   TaskExecutorConfigurations.ThreadPoolTaskExecutorBuilderConfiguration#threadPoolTaskExecutorBuilder matched:
      - @ConditionalOnMissingBean (types: org.springframework.boot.task.ThreadPoolTaskExecutorBuilder; SearchStrategy: all) did not find any beans (OnBeanCondition)

   TaskSchedulingAutoConfiguration matched:
      - @ConditionalOnClass found required class 'org.springframework.scheduling.concurrent.ThreadPoolTaskScheduler' (OnClassCondition)

   TaskSchedulingConfigurations.SimpleAsyncTaskSchedulerBuilderConfiguration#simpleAsyncTaskSchedulerBuilder matched:
      - @ConditionalOnMissingBean (types: org.springframework.boot.task.SimpleAsyncTaskSchedulerBuilder; SearchStrategy: all) did not find any beans (OnBeanCondition)
      - @ConditionalOnThreading found PLATFORM (OnThreadingCondition)

   TaskSchedulingConfigurations.ThreadPoolTaskSchedulerBuilderConfiguration#threadPoolTaskSchedulerBuilder matched:
      - @ConditionalOnMissingBean (types: org.springframework.boot.task.ThreadPoolTaskSchedulerBuilder; SearchStrategy: all) did not find any beans (OnBeanCondition)

   TomcatServletWebServerAutoConfiguration matched:
      - @ConditionalOnClass found required classes 'jakarta.servlet.ServletRequest', 'org.apache.catalina.startup.Tomcat', 'org.apache.coyote.UpgradeProtocol', 'org.springframework.boot.tomcat.servlet.TomcatServletWebServerFactory' (OnClassCondition)
      - found 'session' scope (OnWebApplicationCondition)

   TomcatServletWebServerAutoConfiguration#tomcatServletWebServerFactory matched:
      - @ConditionalOnMissingBean (types: org.springframework.boot.web.server.servlet.ServletWebServerFactory; SearchStrategy: current) did not find any beans (OnBeanCondition)

   TomcatWebServerConfiguration matched:
      - @ConditionalOnWarDeployment the application is not deployed as a WAR file. (OnWarDeploymentCondition)

   TomcatWebServerConfiguration.TomcatWebSocketConfiguration matched:
      - @ConditionalOnClass found required class 'org.apache.tomcat.websocket.server.WsSci' (OnClassCondition)

   TransactionAutoConfiguration matched:
      - @ConditionalOnClass found required class 'org.springframework.transaction.PlatformTransactionManager' (OnClassCondition)

   TransactionManagerCustomizationAutoConfiguration matched:
      - @ConditionalOnClass found required class 'org.springframework.transaction.PlatformTransactionManager' (OnClassCondition)

   TransactionManagerCustomizationAutoConfiguration#platformTransactionManagerCustomizers matched:
      - @ConditionalOnMissingBean (types: org.springframework.boot.transaction.autoconfigure.TransactionManagerCustomizers; SearchStrategy: all) did not find any beans (OnBeanCondition)

   ValidationAutoConfiguration matched:
      - @ConditionalOnClass found required class 'jakarta.validation.executable.ExecutableValidator' (OnClassCondition)
      - @ConditionalOnResource found location classpath:META-INF/services/jakarta.validation.spi.ValidationProvider (OnResourceCondition)

   ValidationAutoConfiguration#defaultValidator matched:
      - @ConditionalOnMissingBean (types: jakarta.validation.Validator; SearchStrategy: all) did not find any beans (OnBeanCondition)

   ValidationAutoConfiguration#methodValidationPostProcessor matched:
      - @ConditionalOnMissingBean (types: org.springframework.validation.beanvalidation.MethodValidationPostProcessor; SearchStrategy: current) did not find any beans (OnBeanCondition)

   WebMvcAutoConfiguration matched:
      - @ConditionalOnClass found required classes 'jakarta.servlet.Servlet', 'org.springframework.web.servlet.DispatcherServlet', 'org.springframework.web.servlet.config.annotation.WebMvcConfigurer' (OnClassCondition)
      - found 'session' scope (OnWebApplicationCondition)
      - @ConditionalOnMissingBean (types: org.springframework.web.servlet.config.annotation.WebMvcConfigurationSupport; SearchStrategy: all) did not find any beans (OnBeanCondition)

   WebMvcAutoConfiguration#formContentFilter matched:
      - @ConditionalOnBooleanProperty (spring.mvc.formcontent.filter.enabled=true) matched (OnPropertyCondition)
      - @ConditionalOnMissingBean (types: org.springframework.web.filter.FormContentFilter; SearchStrategy: all) did not find any beans (OnBeanCondition)

   WebMvcAutoConfiguration.EnableWebMvcConfiguration#flashMapManager matched:
      - @ConditionalOnMissingBean (names: flashMapManager; SearchStrategy: all) did not find any beans (OnBeanCondition)

   WebMvcAutoConfiguration.EnableWebMvcConfiguration#localeResolver matched:
      - @ConditionalOnMissingBean (names: localeResolver; SearchStrategy: all) did not find any beans (OnBeanCondition)

   WebMvcAutoConfiguration.EnableWebMvcConfiguration#viewNameTranslator matched:
      - @ConditionalOnMissingBean (names: viewNameTranslator; SearchStrategy: all) did not find any beans (OnBeanCondition)

   WebMvcAutoConfiguration.WebMvcAutoConfigurationAdapter#defaultViewResolver matched:
      - @ConditionalOnMissingBean (types: org.springframework.web.servlet.view.InternalResourceViewResolver; SearchStrategy: all) did not find any beans (OnBeanCondition)

   WebMvcAutoConfiguration.WebMvcAutoConfigurationAdapter#requestContextFilter matched:
      - @ConditionalOnMissingBean (types: org.springframework.web.context.request.RequestContextListener,org.springframework.web.filter.RequestContextFilter; SearchStrategy: all) did not find any beans (OnBeanCondition)

   WebMvcAutoConfiguration.WebMvcAutoConfigurationAdapter#viewResolver matched:
      - @ConditionalOnBean (types: org.springframework.web.servlet.ViewResolver; SearchStrategy: all) found beans 'defaultViewResolver', 'beanNameViewResolver', 'mvcViewResolver'; @ConditionalOnMissingBean (names: viewResolver types: org.springframework.web.servlet.view.ContentNegotiatingViewResolver; SearchStrategy: all) did not find any beans (OnBeanCondition)


Negative matches:
-----------------

   AopAutoConfiguration.AspectJAutoProxyingConfiguration.JdkDynamicAutoProxyConfiguration:
      Did not match:
         - @ConditionalOnBooleanProperty (spring.aop.proxy-target-class=false) did not find property 'spring.aop.proxy-target-class' (OnPropertyCondition)

   AopAutoConfiguration.ClassProxyingConfiguration:
      Did not match:
         - @ConditionalOnMissingClass found unwanted class 'org.aspectj.weaver.Advice' (OnClassCondition)

   DataJpaRepositoriesAutoConfiguration:
      Did not match:
         - @ConditionalOnBean (types: javax.sql.DataSource; SearchStrategy: all) did not find any beans of type javax.sql.DataSource (OnBeanCondition)
      Matched:
         - @ConditionalOnClass found required class 'org.springframework.data.jpa.repository.JpaRepository' (OnClassCondition)
         - @ConditionalOnBooleanProperty (spring.data.jpa.repositories.enabled=true) matched (OnPropertyCondition)

   DataRepositoryMetricsAutoConfiguration:
      Did not match:
         - @ConditionalOnBean did not find required type 'io.micrometer.core.instrument.MeterRegistry' (OnBeanCondition)

   DataSourceHealthContributorAutoConfiguration:
      Did not match:
         - @ConditionalOnClass did not find required class 'org.springframework.boot.health.autoconfigure.contributor.ConditionalOnEnabledHealthIndicator' (OnClassCondition)

   DataSourceInitializationAutoConfiguration:
      Did not match:
         - @ConditionalOnSingleCandidate (types: javax.sql.DataSource; SearchStrategy: all) did not find any beans (OnBeanCondition)
      Matched:
         - @ConditionalOnClass found required class 'org.springframework.jdbc.datasource.init.DatabasePopulator' (OnClassCondition)
         - SQL InitializationDatabase Initialization default value is EMBEDDED (OnSqlInitializationCondition)

   DataSourcePoolMetricsAutoConfiguration:
      Did not match:
         - @ConditionalOnClass did not find required class 'io.micrometer.core.instrument.MeterRegistry' (OnClassCondition)

   DevToolsDataSourceAutoConfiguration:
      Did not match:
         - DevTools DataSource Condition did not find a single DataSource bean (DevToolsDataSourceAutoConfiguration.DevToolsDataSourceCondition)
      Matched:
         - @ConditionalOnClass found required class 'javax.sql.DataSource' (OnClassCondition)
         - Devtools devtools enabled. (OnEnabledDevToolsCondition)

   DevToolsDataSourceAutoConfiguration.DatabaseShutdownExecutorEntityManagerFactoryDependsOnConfiguration:
      Did not match:
         - Ancestor org.springframework.boot.devtools.autoconfigure.DevToolsDataSourceAutoConfiguration did not match (ConditionEvaluationReport.AncestorsMatchedCondition)
      Matched:
         - @ConditionalOnClass found required classes 'org.springframework.boot.jpa.autoconfigure.EntityManagerFactoryDependsOnPostProcessor', 'org.springframework.orm.jpa.LocalContainerEntityManagerFactoryBean' (OnClassCondition)

   DevToolsR2dbcAutoConfiguration:
      Did not match:
         - @ConditionalOnClass did not find required class 'io.r2dbc.spi.ConnectionFactory' (OnClassCondition)

   DispatcherServletAutoConfiguration.DispatcherServletConfiguration#multipartResolver:
      Did not match:
         - @ConditionalOnBean (types: org.springframework.web.multipart.MultipartResolver; SearchStrategy: all) did not find any beans of type org.springframework.web.multipart.MultipartResolver (OnBeanCondition)

   GsonHttpMessageConvertersConfiguration.GsonHttpMessageConverterConfiguration:
      Did not match:
         - AnyNestedCondition 0 matched 2 did not; NestedCondition on GsonHttpMessageConvertersConfiguration.PreferGsonOrJacksonAndJsonbUnavailableCondition.JacksonJsonbUnavailable NoneNestedConditions 1 matched 2 did not; NestedCondition on GsonHttpMessageConvertersConfiguration.JacksonAndJsonbUnavailableCondition.JsonbPreferred @ConditionalOnProperty (spring.http.converters.preferred-json-mapper=jsonb) did not find property 'spring.http.converters.preferred-json-mapper'; NestedCondition on GsonHttpMessageConvertersConfiguration.JacksonAndJsonbUnavailableCondition.Jackson2Available @ConditionalOnBean (types: org.springframework.boot.http.converter.autoconfigure.Jackson2HttpMessageConvertersConfiguration$Jackson2JsonMessageConvertersCustomizer; SearchStrategy: all) did not find any beans of type org.springframework.boot.http.converter.autoconfigure.Jackson2HttpMessageConvertersConfiguration$Jackson2JsonMessageConvertersCustomizer; NestedCondition on GsonHttpMessageConvertersConfiguration.JacksonAndJsonbUnavailableCondition.JacksonAvailable @ConditionalOnBean (types: org.springframework.boot.http.converter.autoconfigure.JacksonHttpMessageConvertersConfiguration$JacksonJsonHttpMessageConvertersCustomizer; SearchStrategy: all) found bean 'jacksonJsonHttpMessageConvertersCustomizer'; NestedCondition on GsonHttpMessageConvertersConfiguration.PreferGsonOrJacksonAndJsonbUnavailableCondition.GsonPreferred @ConditionalOnProperty (spring.http.converters.preferred-json-mapper=gson) did not find property 'spring.http.converters.preferred-json-mapper' (GsonHttpMessageConvertersConfiguration.PreferGsonOrJacksonAndJsonbUnavailableCondition)

   HibernateMetricsAutoConfiguration:
      Did not match:
         - @ConditionalOnClass did not find required class 'io.micrometer.core.instrument.MeterRegistry' (OnClassCondition)

   Jackson2HttpMessageConvertersConfiguration.MappingJackson2HttpMessageConverterConfiguration:
      Did not match:
         - AnyNestedCondition 0 matched 2 did not; NestedCondition on Jackson2HttpMessageConvertersConfiguration.PreferJackson2OrJacksonUnavailableCondition.JacksonUnavailable @ConditionalOnMissingBean (types: org.springframework.boot.http.converter.autoconfigure.JacksonHttpMessageConvertersConfiguration$JacksonJsonHttpMessageConvertersCustomizer; SearchStrategy: all) found beans of type 'org.springframework.boot.http.converter.autoconfigure.JacksonHttpMessageConvertersConfiguration$JacksonJsonHttpMessageConvertersCustomizer' jacksonJsonHttpMessageConvertersCustomizer; NestedCondition on Jackson2HttpMessageConvertersConfiguration.PreferJackson2OrJacksonUnavailableCondition.Jackson2Preferred @ConditionalOnProperty (spring.http.converters.preferred-json-mapper=jackson2) did not find property 'spring.http.converters.preferred-json-mapper' (Jackson2HttpMessageConvertersConfiguration.PreferJackson2OrJacksonUnavailableCondition)
      Matched:
         - @ConditionalOnClass found required class 'com.fasterxml.jackson.databind.ObjectMapper' (OnClassCondition)

   Jackson2HttpMessageConvertersConfiguration.MappingJackson2XmlHttpMessageConverterConfiguration:
      Did not match:
         - @ConditionalOnClass did not find required class 'com.fasterxml.jackson.dataformat.xml.XmlMapper' (OnClassCondition)

   JacksonAutoConfiguration.CborConfiguration:
      Did not match:
         - @ConditionalOnClass did not find required class 'tools.jackson.dataformat.cbor.CBORMapper' (OnClassCondition)

   JacksonAutoConfiguration.XmlConfiguration:
      Did not match:
         - @ConditionalOnClass did not find required class 'tools.jackson.dataformat.xml.XmlMapper' (OnClassCondition)

   JacksonHttpMessageConvertersConfiguration.JacksonXmlHttpMessageConverterConfiguration:
      Did not match:
         - @ConditionalOnClass did not find required class 'tools.jackson.dataformat.xml.XmlMapper' (OnClassCondition)

   JdbcClientAutoConfiguration:
      Did not match:
         - @ConditionalOnSingleCandidate (types: org.springframework.jdbc.core.namedparam.NamedParameterJdbcTemplate; SearchStrategy: all) did not find any beans (OnBeanCondition)

   JdbcTemplateAutoConfiguration:
      Did not match:
         - @ConditionalOnSingleCandidate (types: javax.sql.DataSource; SearchStrategy: all) did not find any beans (OnBeanCondition)
      Matched:
         - @ConditionalOnClass found required classes 'javax.sql.DataSource', 'org.springframework.jdbc.core.JdbcTemplate' (OnClassCondition)

   JmxAutoConfiguration:
      Did not match:
         - @ConditionalOnBooleanProperty (spring.jmx.enabled=true) did not find property 'spring.jmx.enabled' (OnPropertyCondition)
      Matched:
         - @ConditionalOnClass found required class 'org.springframework.jmx.export.MBeanExporter' (OnClassCondition)

   JndiDataSourceAutoConfiguration:
      Did not match:
         - @ConditionalOnProperty (spring.datasource.jndi-name) did not find property 'spring.datasource.jndi-name' (OnPropertyCondition)
      Matched:
         - @ConditionalOnClass found required classes 'javax.sql.DataSource', 'org.springframework.jdbc.datasource.embedded.EmbeddedDatabaseType' (OnClassCondition)

   JndiJtaConfiguration:
      Did not match:
         - @ConditionalOnJndi JNDI environment is not available (OnJndiCondition)
      Matched:
         - @ConditionalOnClass found required class 'org.springframework.transaction.jta.JtaTransactionManager' (OnClassCondition)

   JsonbHttpMessageConvertersConfiguration:
      Did not match:
         - @ConditionalOnClass did not find required class 'jakarta.json.bind.Jsonb' (OnClassCondition)

   KotlinSerializationHttpMessageConvertersConfiguration:
      Did not match:
         - @ConditionalOnClass did not find required classes 'kotlinx.serialization.Serializable', 'kotlinx.serialization.json.Json' (OnClassCondition)

   LocalDevToolsAutoConfiguration.LiveReloadConfiguration:
      Did not match:
         - @ConditionalOnBooleanProperty (spring.devtools.livereload.enabled=true) did not find property 'spring.devtools.livereload.enabled' (OnPropertyCondition)

   MessageSourceAutoConfiguration:
      Did not match:
         - ResourceBundle did not find bundle with basename messages (MessageSourceAutoConfiguration.ResourceBundleCondition)

   ProjectInfoAutoConfiguration#buildProperties:
      Did not match:
         - @ConditionalOnResource did not find resource '${spring.info.build.location:classpath:META-INF/build-info.properties}' (OnResourceCondition)

   ProjectInfoAutoConfiguration#gitProperties:
      Did not match:
         - GitResource did not find git info at classpath:git.properties (ProjectInfoAutoConfiguration.GitResourceAvailableCondition)

   RemoteDevToolsAutoConfiguration:
      Did not match:
         - @ConditionalOnProperty (spring.devtools.remote.secret) did not find property 'spring.devtools.remote.secret' (OnPropertyCondition)
      Matched:
         - @ConditionalOnClass found required classes 'jakarta.servlet.Filter', 'org.springframework.http.server.ServerHttpRequest', 'org.springframework.boot.web.server.autoconfigure.ServerProperties' (OnClassCondition)

   ServletHttpExchangesAutoConfiguration:
      Did not match:
         - @ConditionalOnBean did not find required type 'org.springframework.boot.actuate.web.exchanges.HttpExchangeRepository' (OnBeanCondition)

   ServletManagementContextAutoConfiguration:
      Did not match:
         - @ConditionalOnClass did not find required class 'org.springframework.boot.actuate.autoconfigure.endpoint.web.WebEndpointProperties' (OnClassCondition)

   ServletMappingsAutoConfiguration:
      Did not match:
         - @ConditionalOnClass did not find required class 'org.springframework.boot.actuate.autoconfigure.endpoint.condition.ConditionalOnAvailableEndpoint' (OnClassCondition)

   ServletWebServerConfiguration#forwardedHeaderFilter:
      Did not match:
         - @ConditionalOnProperty (server.forward-headers-strategy=framework) did not find property 'server.forward-headers-strategy' (OnPropertyCondition)

   SpringApplicationAdminJmxAutoConfiguration:
      Did not match:
         - @ConditionalOnBooleanProperty (spring.application.admin.enabled=true) did not find property 'spring.application.admin.enabled' (OnPropertyCondition)

   TaskExecutorConfigurations.AsyncConfigurerWrapperConfiguration:
      Did not match:
         - @ConditionalOnBean (types: org.springframework.scheduling.annotation.AsyncConfigurer; SearchStrategy: all) did not find any beans of type org.springframework.scheduling.annotation.AsyncConfigurer (OnBeanCondition)

   TaskExecutorConfigurations.SimpleAsyncTaskExecutorBuilderConfiguration#simpleAsyncTaskExecutorBuilderVirtualThreads:
      Did not match:
         - @ConditionalOnMissingBean (types: org.springframework.boot.task.SimpleAsyncTaskExecutorBuilder; SearchStrategy: all) found beans of type 'org.springframework.boot.task.SimpleAsyncTaskExecutorBuilder' simpleAsyncTaskExecutorBuilder (OnBeanCondition)

   TaskExecutorConfigurations.TaskExecutorConfiguration#applicationTaskExecutorVirtualThreads:
      Did not match:
         - @ConditionalOnThreading did not find VIRTUAL (OnThreadingCondition)

   TaskSchedulingAutoConfiguration#scheduledBeanLazyInitializationExcludeFilter:
      Did not match:
         - @ConditionalOnBean (names: org.springframework.scheduling.config.internalScheduledAnnotationProcessor; SearchStrategy: all) did not find any beans named org.springframework.scheduling.config.internalScheduledAnnotationProcessor (OnBeanCondition)

   TaskSchedulingConfigurations.SimpleAsyncTaskSchedulerBuilderConfiguration#simpleAsyncTaskSchedulerBuilderVirtualThreads:
      Did not match:
         - @ConditionalOnMissingBean (types: org.springframework.boot.task.SimpleAsyncTaskSchedulerBuilder; SearchStrategy: all) found beans of type 'org.springframework.boot.task.SimpleAsyncTaskSchedulerBuilder' simpleAsyncTaskSchedulerBuilder (OnBeanCondition)

   TaskSchedulingConfigurations.TaskSchedulerConfiguration:
      Did not match:
         - @ConditionalOnBean (names: org.springframework.scheduling.config.internalScheduledAnnotationProcessor; SearchStrategy: all) did not find any beans named org.springframework.scheduling.config.internalScheduledAnnotationProcessor (OnBeanCondition)

   TomcatMetricsAutoConfiguration:
      Did not match:
         - @ConditionalOnClass did not find required class 'io.micrometer.core.instrument.binder.tomcat.TomcatMetrics' (OnClassCondition)

   TomcatReactiveManagementContextAutoConfiguration:
      Did not match:
         - @ConditionalOnClass did not find required class 'org.springframework.boot.actuate.autoconfigure.web.server.ManagementContextFactory' (OnClassCondition)

   TomcatReactiveWebServerAutoConfiguration:
      Did not match:
         - @ConditionalOnWebApplication did not find reactive web application classes (OnWebApplicationCondition)

   TomcatServletManagementContextAutoConfiguration:
      Did not match:
         - @ConditionalOnClass did not find required class 'org.springframework.boot.actuate.autoconfigure.web.server.ManagementContextFactory' (OnClassCondition)

   TomcatServletWebServerAutoConfiguration#tomcatForwardedHeaderFilterCustomizer:
      Did not match:
         - @ConditionalOnProperty (server.forward-headers-strategy=framework) did not find property 'server.forward-headers-strategy' (OnPropertyCondition)

   TomcatWebServerConfiguration#tomcatVirtualThreadsProtocolHandlerCustomizer:
      Did not match:
         - @ConditionalOnThreading did not find VIRTUAL (OnThreadingCondition)

   TransactionAutoConfiguration#transactionalOperator:
      Did not match:
         - @ConditionalOnSingleCandidate (types: org.springframework.transaction.ReactiveTransactionManager; SearchStrategy: all) did not find any beans (OnBeanCondition)

   TransactionAutoConfiguration.AspectJTransactionManagementConfiguration:
      Did not match:
         - @ConditionalOnBean (types: org.springframework.transaction.aspectj.AbstractTransactionAspect; SearchStrategy: all) did not find any beans of type org.springframework.transaction.aspectj.AbstractTransactionAspect (OnBeanCondition)

   TransactionAutoConfiguration.EnableTransactionManagementConfiguration:
      Did not match:
         - @ConditionalOnBean (types: org.springframework.transaction.TransactionManager; SearchStrategy: all) did not find any beans of type org.springframework.transaction.TransactionManager (OnBeanCondition)

   TransactionAutoConfiguration.EnableTransactionManagementConfiguration.CglibAutoProxyConfiguration:
      Did not match:
         - Ancestor org.springframework.boot.transaction.autoconfigure.TransactionAutoConfiguration$EnableTransactionManagementConfiguration did not match (ConditionEvaluationReport.AncestorsMatchedCondition)
      Matched:
         - @ConditionalOnBooleanProperty (spring.aop.proxy-target-class=true) matched (OnPropertyCondition)

   TransactionAutoConfiguration.EnableTransactionManagementConfiguration.JdkDynamicAutoProxyConfiguration:
      Did not match:
         - @ConditionalOnBooleanProperty (spring.aop.proxy-target-class=false) did not find property 'spring.aop.proxy-target-class' (OnPropertyCondition)
         - Ancestor org.springframework.boot.transaction.autoconfigure.TransactionAutoConfiguration$EnableTransactionManagementConfiguration did not match (ConditionEvaluationReport.AncestorsMatchedCondition)

   TransactionAutoConfiguration.TransactionTemplateConfiguration:
      Did not match:
         - @ConditionalOnSingleCandidate (types: org.springframework.transaction.PlatformTransactionManager; SearchStrategy: all) did not find any beans (OnBeanCondition)

   WebMvcAutoConfiguration#hiddenHttpMethodFilter:
      Did not match:
         - @ConditionalOnBooleanProperty (spring.mvc.hiddenmethod.filter.enabled=true) did not find property 'spring.mvc.hiddenmethod.filter.enabled' (OnPropertyCondition)

   WebMvcAutoConfiguration.ProblemDetailsErrorHandlingConfiguration:
      Did not match:
         - @ConditionalOnBooleanProperty (spring.mvc.problemdetails.enabled=true) did not find property 'spring.mvc.problemdetails.enabled' (OnPropertyCondition)

   WebMvcAutoConfiguration.ResourceChainCustomizerConfiguration:
      Did not match:
         - @ConditionalOnEnabledResourceChain did not find class org.webjars.WebJarVersionLocator (OnEnabledResourceChainCondition)

   WebMvcAutoConfiguration.WebMvcAutoConfigurationAdapter#beanNameViewResolver:
      Did not match:
         - @ConditionalOnMissingBean (types: org.springframework.web.servlet.view.BeanNameViewResolver; SearchStrategy: all) found beans of type 'org.springframework.web.servlet.view.BeanNameViewResolver' beanNameViewResolver (OnBeanCondition)

   WebMvcHealthEndpointExtensionAutoConfiguration:
      Did not match:
         - @ConditionalOnClass did not find required class 'org.springframework.boot.health.actuate.endpoint.HealthEndpoint' (OnClassCondition)

   WebMvcMappingsAutoConfiguration:
      Did not match:
         - @ConditionalOnClass did not find required class 'org.springframework.boot.actuate.autoconfigure.endpoint.condition.ConditionalOnAvailableEndpoint' (OnClassCondition)

   WebMvcObservationAutoConfiguration:
      Did not match:
         - @ConditionalOnClass did not find required class 'org.springframework.boot.micrometer.observation.autoconfigure.ObservationProperties' (OnClassCondition)

   XADataSourceAutoConfiguration:
      Did not match:
         - @ConditionalOnBean (types: org.springframework.boot.jdbc.XADataSourceWrapper; SearchStrategy: all) did not find any beans of type org.springframework.boot.jdbc.XADataSourceWrapper (OnBeanCondition)
      Matched:
         - @ConditionalOnClass found required classes 'javax.sql.DataSource', 'jakarta.transaction.TransactionManager', 'org.springframework.jdbc.datasource.embedded.EmbeddedDatabaseType' (OnClassCondition)


Exclusions:
-----------

    org.springframework.boot.jdbc.autoconfigure.DataSourceAutoConfiguration

    org.springframework.boot.jdbc.autoconfigure.DataSourceTransactionManagerAutoConfiguration

    org.springframework.boot.hibernate.autoconfigure.HibernateJpaAutoConfiguration


Unconditional classes:
----------------------

    org.springframework.boot.autoconfigure.context.ConfigurationPropertiesAutoConfiguration

    org.springframework.boot.autoconfigure.ssl.SslAutoConfiguration

    org.springframework.boot.autoconfigure.context.LifecycleAutoConfiguration

    org.springframework.boot.autoconfigure.context.PropertyPlaceholderAutoConfiguration

    org.springframework.boot.autoconfigure.availability.ApplicationAvailabilityAutoConfiguration

    org.springframework.boot.autoconfigure.info.ProjectInfoAutoConfiguration



2026-06-11T11:48:24.009+05:30  INFO 11320 --- [playwright-framework] [  restartedMain] c.a.p.PlaywrightFrameworkApplication     : Started PlaywrightFrameworkApplication in 0.2 seconds (process running for 1836.133)
2026-06-11T11:48:24.009+05:30 DEBUG 11320 --- [playwright-framework] [  restartedMain] o.s.b.a.ApplicationAvailabilityBean      : Application availability state LivenessState changed to CORRECT
2026-06-11T11:48:24.009+05:30  INFO 11320 --- [playwright-framework] [  restartedMain] .ConditionEvaluationDeltaLoggingListener : Condition evaluation unchanged
2026-06-11T11:48:24.010+05:30 DEBUG 11320 --- [playwright-framework] [  restartedMain] o.s.b.a.ApplicationAvailabilityBean      : Application availability state ReadinessState changed to ACCEPTING_TRAFFIC
2026-06-11T11:49:19.475+05:30  INFO 11320 --- [playwright-framework] [nio-8080-exec-1] o.a.c.c.C.[Tomcat].[localhost].[/]       : Initializing Spring DispatcherServlet 'dispatcherServlet'
2026-06-11T11:49:19.488+05:30  INFO 11320 --- [playwright-framework] [nio-8080-exec-1] o.s.web.servlet.DispatcherServlet        : Initializing Servlet 'dispatcherServlet'
2026-06-11T11:49:19.488+05:30 DEBUG 11320 --- [playwright-framework] [nio-8080-exec-1] o.s.web.servlet.DispatcherServlet        : Detected StandardServletMultipartResolver
2026-06-11T11:49:19.488+05:30 DEBUG 11320 --- [playwright-framework] [nio-8080-exec-1] o.s.web.servlet.DispatcherServlet        : Detected AcceptHeaderLocaleResolver
2026-06-11T11:49:19.489+05:30 DEBUG 11320 --- [playwright-framework] [nio-8080-exec-1] o.s.web.servlet.DispatcherServlet        : Detected org.springframework.web.servlet.view.DefaultRequestToViewNameTranslator@14bfb505
2026-06-11T11:49:19.489+05:30 DEBUG 11320 --- [playwright-framework] [nio-8080-exec-1] o.s.web.servlet.DispatcherServlet        : Detected org.springframework.web.servlet.support.SessionFlashMapManager@2a6e53f4
2026-06-11T11:49:19.489+05:30 DEBUG 11320 --- [playwright-framework] [nio-8080-exec-1] o.s.web.servlet.DispatcherServlet        : enableLoggingRequestDetails='false': request parameters and headers will be masked to prevent unsafe logging of potentially sensitive data
2026-06-11T11:49:19.489+05:30  INFO 11320 --- [playwright-framework] [nio-8080-exec-1] o.s.web.servlet.DispatcherServlet        : Completed initialization in 1 ms
2026-06-11T11:49:19.489+05:30 DEBUG 11320 --- [playwright-framework] [nio-8080-exec-1] o.s.web.servlet.DispatcherServlet        : GET "/api/reports/latest", parameters={}
2026-06-11T11:49:19.489+05:30 DEBUG 11320 --- [playwright-framework] [nio-8080-exec-1] s.w.s.m.m.a.RequestMappingHandlerMapping : Mapped to com.automation.playwright_framework.TestReportController#latest()
2026-06-11T11:49:19.496+05:30 DEBUG 11320 --- [playwright-framework] [nio-8080-exec-1] o.s.w.s.m.m.a.HttpEntityMethodProcessor  : Using 'application/json', given [*/*] and supported [application/json]
2026-06-11T11:49:19.503+05:30 DEBUG 11320 --- [playwright-framework] [nio-8080-exec-1] o.s.w.s.m.m.a.HttpEntityMethodProcessor  : Writing [TestReportResponse[status=SUCCESS, suiteName=com.automation.playwright_framework.CooDeclarationTestC (truncated)...]
2026-06-11T11:49:19.508+05:30 DEBUG 11320 --- [playwright-framework] [nio-8080-exec-1] o.s.web.servlet.DispatcherServlet        : Completed 200 OK
2026-06-11T11:50:19.468+05:30 DEBUG 11320 --- [playwright-framework] [nio-8080-exec-3] o.s.web.servlet.DispatcherServlet        : GET "/api/reports/latest", parameters={}
2026-06-11T11:50:19.491+05:30 DEBUG 11320 --- [playwright-framework] [nio-8080-exec-3] s.w.s.m.m.a.RequestMappingHandlerMapping : Mapped to com.automation.playwright_framework.TestReportController#latest()
2026-06-11T11:50:19.494+05:30 DEBUG 11320 --- [playwright-framework] [nio-8080-exec-3] o.s.w.s.m.m.a.HttpEntityMethodProcessor  : Using 'application/json', given [*/*] and supported [application/json]
2026-06-11T11:50:19.495+05:30 DEBUG 11320 --- [playwright-framework] [nio-8080-exec-3] o.s.w.s.m.m.a.HttpEntityMethodProcessor  : Writing [TestReportResponse[status=SUCCESS, suiteName=com.automation.playwright_framework.CooDeclarationTestC (truncated)...]
2026-06-11T11:50:19.495+05:30 DEBUG 11320 --- [playwright-framework] [nio-8080-exec-3] o.s.web.servlet.DispatcherServlet        : Completed 200 OK
2026-06-11T11:51:19.449+05:30 DEBUG 11320 --- [playwright-framework] [nio-8080-exec-2] o.s.web.servlet.DispatcherServlet        : GET "/api/reports/latest", parameters={}
2026-06-11T11:51:19.471+05:30 DEBUG 11320 --- [playwright-framework] [nio-8080-exec-2] s.w.s.m.m.a.RequestMappingHandlerMapping : Mapped to com.automation.playwright_framework.TestReportController#latest()
2026-06-11T11:51:19.476+05:30 DEBUG 11320 --- [playwright-framework] [nio-8080-exec-2] o.s.w.s.m.m.a.HttpEntityMethodProcessor  : Using 'application/json', given [*/*] and supported [application/json]
2026-06-11T11:51:19.476+05:30 DEBUG 11320 --- [playwright-framework] [nio-8080-exec-2] o.s.w.s.m.m.a.HttpEntityMethodProcessor  : Writing [TestReportResponse[status=FAILURE, suiteName=com.automation.playwright_framework.CooDeclarationTestC (truncated)...]
2026-06-11T11:51:19.478+05:30 DEBUG 11320 --- [playwright-framework] [nio-8080-exec-2] o.s.web.servlet.DispatcherServlet        : Completed 200 OK
2026-06-11T11:52:13.198+05:30  INFO 11320 --- [playwright-framework] [   File Watcher] rtingClassPathChangeChangedEventListener : Restarting due to 2 class path changes (0 additions, 0 deletions, 2 modifications)
2026-06-11T11:52:13.221+05:30 DEBUG 11320 --- [playwright-framework] [   File Watcher] rtingClassPathChangeChangedEventListener : Change set: [D:\Mohan\play-wright\target\classes [D:\Mohan\play-wright\target\classes\com\automation\DeclarationsPage$DeclarationListEntry.class (MODIFY), D:\Mohan\play-wright\target\classes\com\automation\DeclarationsPage.class (MODIFY)]]
2026-06-11T11:52:13.221+05:30 DEBUG 11320 --- [playwright-framework] [   File Watcher] o.s.boot.devtools.restart.Restarter      : Restarting application
2026-06-11T11:52:13.222+05:30 DEBUG 11320 --- [playwright-framework] [      Thread-13] o.s.boot.devtools.restart.Restarter      : Stopping application
2026-06-11T11:52:13.223+05:30 DEBUG 11320 --- [playwright-framework] [      Thread-13] o.s.b.a.ApplicationAvailabilityBean      : Application availability state ReadinessState changed from ACCEPTING_TRAFFIC to REFUSING_TRAFFIC
2026-06-11T11:52:13.224+05:30 DEBUG 11320 --- [playwright-framework] [      Thread-13] ConfigServletWebServerApplicationContext : Closing org.springframework.boot.web.server.servlet.context.AnnotationConfigServletWebServerApplicationContext@1070daa6, started on Thu Jun 11 11:48:23 IST 2026
2026-06-11T11:52:13.225+05:30  INFO 11320 --- [playwright-framework] [      Thread-13] o.s.boot.tomcat.GracefulShutdown         : Commencing graceful shutdown. Waiting for active requests to complete
2026-06-11T11:52:13.233+05:30  INFO 11320 --- [playwright-framework] [tomcat-shutdown] o.s.boot.tomcat.GracefulShutdown         : Graceful shutdown complete
2026-06-11T11:52:13.264+05:30 DEBUG 11320 --- [playwright-framework] [      Thread-13] o.s.boot.devtools.restart.Restarter      : Starting application com.automation.playwright_framework.PlaywrightFrameworkApplication with URLs [file:/D:/Mohan/play-wright/target/classes/]

  .   ____          _            __ _ _
 /\\ / ___'_ __ _ _(_)_ __  __ _ \ \ \ \
( ( )\___ | '_ | '_| | '_ \/ _` | \ \ \ \
 \\/  ___)| |_)| | | | | || (_| |  ) ) ) )
  '  |____| .__|_| |_|_| |_\__, | / / / /
 =========|_|==============|___/=/_/_/_/

 :: Spring Boot ::                (v4.0.6)

2026-06-11T11:52:13.278+05:30  INFO 11320 --- [playwright-framework] [  restartedMain] c.a.p.PlaywrightFrameworkApplication     : Starting PlaywrightFrameworkApplication using Java 21.0.8 with PID 11320 (D:\Mohan\play-wright\target\classes started by mabis in D:\Mohan\play-wright)
2026-06-11T11:52:13.279+05:30  INFO 11320 --- [playwright-framework] [  restartedMain] c.a.p.PlaywrightFrameworkApplication     : No active profile set, falling back to 1 default profile: "default"
2026-06-11T11:52:13.279+05:30 DEBUG 11320 --- [playwright-framework] [  restartedMain] o.s.boot.SpringApplication               : Loading source class com.automation.playwright_framework.PlaywrightFrameworkApplication
2026-06-11T11:52:13.280+05:30 DEBUG 11320 --- [playwright-framework] [  restartedMain] ConfigServletWebServerApplicationContext : Refreshing org.springframework.boot.web.server.servlet.context.AnnotationConfigServletWebServerApplicationContext@3aa23102
2026-06-11T11:52:13.351+05:30 DEBUG 11320 --- [playwright-framework] [  restartedMain] o.s.b.t.s.TomcatServletWebServerFactory  : Code archive: C:\Users\mabis\.m2\repository\org\springframework\boot\spring-boot-web-server\4.0.6\spring-boot-web-server-4.0.6.jar
2026-06-11T11:52:13.353+05:30 DEBUG 11320 --- [playwright-framework] [  restartedMain] o.s.b.t.s.TomcatServletWebServerFactory  : Code archive: C:\Users\mabis\.m2\repository\org\springframework\boot\spring-boot-web-server\4.0.6\spring-boot-web-server-4.0.6.jar
2026-06-11T11:52:13.353+05:30 DEBUG 11320 --- [playwright-framework] [  restartedMain] o.s.b.t.s.TomcatServletWebServerFactory  : None of the document roots [src/main/webapp, public, static] point to a directory and will be ignored.
2026-06-11T11:52:13.359+05:30  INFO 11320 --- [playwright-framework] [  restartedMain] o.s.boot.tomcat.TomcatWebServer          : Tomcat initialized with port 8080 (http)
2026-06-11T11:52:13.360+05:30  INFO 11320 --- [playwright-framework] [  restartedMain] o.apache.catalina.core.StandardService   : Starting service [Tomcat]
2026-06-11T11:52:13.360+05:30  INFO 11320 --- [playwright-framework] [  restartedMain] o.apache.catalina.core.StandardEngine    : Starting Servlet engine: [Apache Tomcat/11.0.21]
2026-06-11T11:52:13.371+05:30 DEBUG 11320 --- [playwright-framework] [  restartedMain] b.w.c.s.WebApplicationContextInitializer : Published root WebApplicationContext as ServletContext attribute with name [org.springframework.web.context.WebApplicationContext.ROOT]
2026-06-11T11:52:13.371+05:30  INFO 11320 --- [playwright-framework] [  restartedMain] b.w.c.s.WebApplicationContextInitializer : Root WebApplicationContext: initialization completed in 91 ms
2026-06-11T11:52:13.373+05:30 DEBUG 11320 --- [playwright-framework] [  restartedMain] o.s.b.w.s.ServletContextInitializerBeans : Mapping filters: characterEncodingFilter urls=[/*] order=-2147483648, formContentFilter urls=[/*] order=-9900, requestContextFilter urls=[/*] order=-105
2026-06-11T11:52:13.373+05:30 DEBUG 11320 --- [playwright-framework] [  restartedMain] o.s.b.w.s.ServletContextInitializerBeans : Mapping servlets: dispatcherServlet urls=[/]
2026-06-11T11:52:13.374+05:30 DEBUG 11320 --- [playwright-framework] [  restartedMain] o.s.b.s.f.OrderedRequestContextFilter    : Filter 'requestContextFilter' configured for use
2026-06-11T11:52:13.374+05:30 DEBUG 11320 --- [playwright-framework] [  restartedMain] o.s.b.s.f.OrderedCharacterEncodingFilter : Filter 'characterEncodingFilter' configured for use
2026-06-11T11:52:13.374+05:30 DEBUG 11320 --- [playwright-framework] [  restartedMain] o.s.b.s.filter.OrderedFormContentFilter  : Filter 'formContentFilter' configured for use
2026-06-11T11:52:13.390+05:30 DEBUG 11320 --- [playwright-framework] [  restartedMain] o.s.b.a.AutoConfigurationPackages        : @EnableAutoConfiguration was declared on a class in the package 'com.automation.playwright_framework'. Automatic @Repository and @Entity scanning is enabled.
2026-06-11T11:52:13.397+05:30 DEBUG 11320 --- [playwright-framework] [  restartedMain] s.w.s.m.m.a.RequestMappingHandlerMapping : 4 mappings in 'requestMappingHandlerMapping'
2026-06-11T11:52:13.399+05:30 DEBUG 11320 --- [playwright-framework] [  restartedMain] o.s.w.s.handler.SimpleUrlHandlerMapping  : Patterns [/webjars/**, /**] in 'resourceHandlerMapping'
2026-06-11T11:52:13.401+05:30 DEBUG 11320 --- [playwright-framework] [  restartedMain] s.w.s.m.m.a.RequestMappingHandlerAdapter : ControllerAdvice beans: 0 @ModelAttribute, 0 @InitBinder, 2 RequestBodyAdvice, 1 ResponseBodyAdvice
2026-06-11T11:52:13.403+05:30 DEBUG 11320 --- [playwright-framework] [  restartedMain] .m.m.a.ExceptionHandlerExceptionResolver : ControllerAdvice beans: 0 @ExceptionHandler, 1 ResponseBodyAdvice
2026-06-11T11:52:13.411+05:30  INFO 11320 --- [playwright-framework] [  restartedMain] o.s.boot.tomcat.TomcatWebServer          : Tomcat started on port 8080 (http) with context path '/'
2026-06-11T11:52:13.413+05:30 DEBUG 11320 --- [playwright-framework] [  restartedMain] .s.b.a.l.ConditionEvaluationReportLogger : 


============================
CONDITIONS EVALUATION REPORT
============================


Positive matches:
-----------------

   AopAutoConfiguration matched:
      - @ConditionalOnBooleanProperty (spring.aop.auto=true) matched (OnPropertyCondition)

   AopAutoConfiguration.AspectJAutoProxyingConfiguration matched:
      - @ConditionalOnClass found required class 'org.aspectj.weaver.Advice' (OnClassCondition)

   AopAutoConfiguration.AspectJAutoProxyingConfiguration.CglibAutoProxyConfiguration matched:
      - @ConditionalOnBooleanProperty (spring.aop.proxy-target-class=true) matched (OnPropertyCondition)

   ApplicationAvailabilityAutoConfiguration#applicationAvailability matched:
      - @ConditionalOnMissingBean (types: org.springframework.boot.availability.ApplicationAvailability; SearchStrategy: all) did not find any beans (OnBeanCondition)

   DataWebAutoConfiguration matched:
      - @ConditionalOnClass found required classes 'org.springframework.data.web.PageableHandlerMethodArgumentResolver', 'org.springframework.web.servlet.config.annotation.WebMvcConfigurer' (OnClassCondition)
      - found 'session' scope (OnWebApplicationCondition)
      - @ConditionalOnMissingBean (types: org.springframework.data.web.PageableHandlerMethodArgumentResolver; SearchStrategy: all) did not find any beans (OnBeanCondition)

   DataWebAutoConfiguration#pageableCustomizer matched:
      - @ConditionalOnMissingBean (types: org.springframework.data.web.config.PageableHandlerMethodArgumentResolverCustomizer; SearchStrategy: all) did not find any beans (OnBeanCondition)

   DataWebAutoConfiguration#sortCustomizer matched:
      - @ConditionalOnMissingBean (types: org.springframework.data.web.config.SortHandlerMethodArgumentResolverCustomizer; SearchStrategy: all) did not find any beans (OnBeanCondition)

   DataWebAutoConfiguration#springDataWebSettings matched:
      - @ConditionalOnMissingBean (types: org.springframework.data.web.config.SpringDataWebSettings; SearchStrategy: all) did not find any beans (OnBeanCondition)

   DispatcherServletAutoConfiguration matched:
      - @ConditionalOnClass found required class 'org.springframework.web.servlet.DispatcherServlet' (OnClassCondition)
      - found 'session' scope (OnWebApplicationCondition)

   DispatcherServletAutoConfiguration.DispatcherServletConfiguration matched:
      - @ConditionalOnClass found required class 'jakarta.servlet.ServletRegistration' (OnClassCondition)
      - Default DispatcherServlet did not find dispatcher servlet beans (DispatcherServletAutoConfiguration.DefaultDispatcherServletCondition)

   DispatcherServletAutoConfiguration.DispatcherServletRegistrationConfiguration matched:
      - @ConditionalOnClass found required class 'jakarta.servlet.ServletRegistration' (OnClassCondition)
      - DispatcherServlet Registration did not find servlet registration bean (DispatcherServletAutoConfiguration.DispatcherServletRegistrationCondition)

   DispatcherServletAutoConfiguration.DispatcherServletRegistrationConfiguration#dispatcherServletRegistration matched:
      - @ConditionalOnBean (names: dispatcherServlet types: org.springframework.web.servlet.DispatcherServlet; SearchStrategy: all) found bean 'dispatcherServlet' (OnBeanCondition)

   ErrorMvcAutoConfiguration matched:
      - @ConditionalOnClass found required classes 'jakarta.servlet.Servlet', 'org.springframework.web.servlet.DispatcherServlet' (OnClassCondition)
      - found 'session' scope (OnWebApplicationCondition)

   ErrorMvcAutoConfiguration#basicErrorController matched:
      - @ConditionalOnMissingBean (types: org.springframework.boot.webmvc.error.ErrorController; SearchStrategy: current) did not find any beans (OnBeanCondition)

   ErrorMvcAutoConfiguration#errorAttributes matched:
      - @ConditionalOnMissingBean (types: org.springframework.boot.webmvc.error.ErrorAttributes; SearchStrategy: current) did not find any beans (OnBeanCondition)

   ErrorMvcAutoConfiguration.DefaultErrorViewResolverConfiguration#conventionErrorViewResolver matched:
      - @ConditionalOnBean (types: org.springframework.web.servlet.DispatcherServlet; SearchStrategy: all) found bean 'dispatcherServlet'; @ConditionalOnMissingBean (types: org.springframework.boot.webmvc.autoconfigure.error.ErrorViewResolver; SearchStrategy: all) did not find any beans (OnBeanCondition)

   ErrorMvcAutoConfiguration.WhitelabelErrorViewConfiguration matched:
      - @ConditionalOnBooleanProperty (spring.web.error.whitelabel.enabled=true) matched (OnPropertyCondition)
      - ErrorTemplate Missing did not find error template view (ErrorMvcAutoConfiguration.ErrorTemplateMissingCondition)

   ErrorMvcAutoConfiguration.WhitelabelErrorViewConfiguration#beanNameViewResolver matched:
      - @ConditionalOnMissingBean (types: org.springframework.web.servlet.view.BeanNameViewResolver; SearchStrategy: all) did not find any beans (OnBeanCondition)

   ErrorMvcAutoConfiguration.WhitelabelErrorViewConfiguration#defaultErrorView matched:
      - @ConditionalOnMissingBean (names: error; SearchStrategy: all) did not find any beans (OnBeanCondition)

   GsonHttpMessageConvertersConfiguration matched:
      - @ConditionalOnClass found required class 'com.google.gson.Gson' (OnClassCondition)

   HttpEncodingAutoConfiguration matched:
      - @ConditionalOnClass found required class 'org.springframework.web.filter.CharacterEncodingFilter' (OnClassCondition)
      - found 'session' scope (OnWebApplicationCondition)
      - @ConditionalOnBooleanProperty (spring.servlet.encoding.enabled=true) matched (OnPropertyCondition)

   HttpEncodingAutoConfiguration#characterEncodingFilter matched:
      - @ConditionalOnMissingBean (types: org.springframework.web.filter.CharacterEncodingFilter; SearchStrategy: all) did not find any beans (OnBeanCondition)

   HttpMessageConvertersAutoConfiguration matched:
      - @ConditionalOnClass found required class 'org.springframework.http.converter.HttpMessageConverter' (OnClassCondition)
      - NoneNestedConditions 0 matched 1 did not; NestedCondition on HttpMessageConvertersAutoConfiguration.NotReactiveWebApplicationCondition.ReactiveWebApplication did not find reactive web application classes (HttpMessageConvertersAutoConfiguration.NotReactiveWebApplicationCondition)

   HttpMessageConvertersAutoConfiguration.StringHttpMessageConverterConfiguration#stringHttpMessageConvertersCustomizer matched:
      - @ConditionalOnMissingBean (types: org.springframework.http.converter.StringHttpMessageConverter; SearchStrategy: all) did not find any beans (OnBeanCondition)

   JacksonAutoConfiguration matched:
      - @ConditionalOnClass found required class 'tools.jackson.databind.json.JsonMapper' (OnClassCondition)

   JacksonAutoConfiguration#jacksonJsonMapper matched:
      - @ConditionalOnMissingBean (types: tools.jackson.databind.json.JsonMapper; SearchStrategy: all) did not find any beans (OnBeanCondition)

   JacksonAutoConfiguration#jsonMapperBuilder matched:
      - @ConditionalOnMissingBean (types: tools.jackson.databind.json.JsonMapper$Builder; SearchStrategy: all) did not find any beans (OnBeanCondition)

   JacksonAutoConfiguration.JsonProblemDetailsConfiguration matched:
      - @ConditionalOnClass found required class 'org.springframework.http.ProblemDetail' (OnClassCondition)

   JacksonHttpMessageConvertersConfiguration.JacksonJsonHttpMessageConverterConfiguration matched:
      - @ConditionalOnClass found required class 'tools.jackson.databind.json.JsonMapper' (OnClassCondition)
      - @ConditionalOnProperty (spring.http.converters.preferred-json-mapper=jackson) matched (OnPropertyCondition)
      - @ConditionalOnBean (types: tools.jackson.databind.json.JsonMapper; SearchStrategy: all) found bean 'jacksonJsonMapper' (OnBeanCondition)

   JacksonHttpMessageConvertersConfiguration.JacksonJsonHttpMessageConverterConfiguration#jacksonJsonHttpMessageConvertersCustomizer matched:
      - @ConditionalOnMissingBean (types: org.springframework.http.converter.json.JacksonJsonHttpMessageConverter ignored: org.springframework.hateoas.server.mvc.TypeConstrainedJacksonJsonHttpMessageConverter,org.springframework.data.rest.webmvc.alps.AlpsJacksonJsonHttpMessageConverter; SearchStrategy: all) did not find any beans (OnBeanCondition)

   JtaAutoConfiguration matched:
      - @ConditionalOnClass found required class 'jakarta.transaction.Transaction' (OnClassCondition)
      - @ConditionalOnBooleanProperty (spring.jta.enabled=true) matched (OnPropertyCondition)

   LifecycleAutoConfiguration#defaultLifecycleProcessor matched:
      - @ConditionalOnMissingBean (names: lifecycleProcessor; SearchStrategy: current) did not find any beans (OnBeanCondition)

   LocalDevToolsAutoConfiguration matched:
      - Initialized Restarter Condition available and initialized (OnInitializedRestarterCondition)

   LocalDevToolsAutoConfiguration.RestartConfiguration matched:
      - @ConditionalOnBooleanProperty (spring.devtools.restart.enabled=true) matched (OnPropertyCondition)

   LocalDevToolsAutoConfiguration.RestartConfiguration#classPathFileSystemWatcher matched:
      - @ConditionalOnMissingBean (types: org.springframework.boot.devtools.classpath.ClassPathFileSystemWatcher; SearchStrategy: all) did not find any beans (OnBeanCondition)

   LocalDevToolsAutoConfiguration.RestartConfiguration#classPathRestartStrategy matched:
      - @ConditionalOnMissingBean (types: org.springframework.boot.devtools.classpath.ClassPathRestartStrategy; SearchStrategy: all) did not find any beans (OnBeanCondition)

   LocalDevToolsAutoConfiguration.RestartConfiguration#conditionEvaluationDeltaLoggingListener matched:
      - @ConditionalOnBooleanProperty (spring.devtools.restart.log-condition-evaluation-delta=true) matched (OnPropertyCondition)

   MultipartAutoConfiguration matched:
      - @ConditionalOnClass found required classes 'jakarta.servlet.Servlet', 'org.springframework.web.multipart.support.StandardServletMultipartResolver', 'jakarta.servlet.MultipartConfigElement' (OnClassCondition)
      - found 'session' scope (OnWebApplicationCondition)
      - @ConditionalOnBooleanProperty (spring.servlet.multipart.enabled=true) matched (OnPropertyCondition)

   MultipartAutoConfiguration#multipartConfigElement matched:
      - @ConditionalOnMissingBean (types: jakarta.servlet.MultipartConfigElement; SearchStrategy: all) did not find any beans (OnBeanCondition)

   MultipartAutoConfiguration#multipartResolver matched:
      - @ConditionalOnMissingBean (types: org.springframework.web.multipart.MultipartResolver; SearchStrategy: all) did not find any beans (OnBeanCondition)

   PersistenceExceptionTranslationAutoConfiguration matched:
      - @ConditionalOnClass found required class 'org.springframework.dao.annotation.PersistenceExceptionTranslationPostProcessor' (OnClassCondition)

   PersistenceExceptionTranslationAutoConfiguration#persistenceExceptionTranslationPostProcessor matched:
      - @ConditionalOnBooleanProperty (spring.persistence.exceptiontranslation.enabled=true) matched (OnPropertyCondition)
      - @ConditionalOnMissingBean (types: org.springframework.dao.annotation.PersistenceExceptionTranslationPostProcessor; SearchStrategy: all) did not find any beans (OnBeanCondition)

   PropertyPlaceholderAutoConfiguration#propertySourcesPlaceholderConfigurer matched:
      - @ConditionalOnMissingBean (types: org.springframework.context.support.PropertySourcesPlaceholderConfigurer; SearchStrategy: current) did not find any beans (OnBeanCondition)

   SslAutoConfiguration#sslBundleRegistry matched:
      - @ConditionalOnMissingBean (types: org.springframework.boot.ssl.SslBundleRegistry,org.springframework.boot.ssl.SslBundles; SearchStrategy: all) did not find any beans (OnBeanCondition)

   TaskExecutionAutoConfiguration matched:
      - @ConditionalOnClass found required class 'org.springframework.scheduling.concurrent.ThreadPoolTaskExecutor' (OnClassCondition)

   TaskExecutorConfigurations.AsyncConfigurerConfiguration matched:
      - @ConditionalOnMissingBean (types: org.springframework.scheduling.annotation.AsyncConfigurer; SearchStrategy: all) did not find any beans (OnBeanCondition)

   TaskExecutorConfigurations.SimpleAsyncTaskExecutorBuilderConfiguration#simpleAsyncTaskExecutorBuilder matched:
      - @ConditionalOnMissingBean (types: org.springframework.boot.task.SimpleAsyncTaskExecutorBuilder; SearchStrategy: all) did not find any beans (OnBeanCondition)
      - @ConditionalOnThreading found PLATFORM (OnThreadingCondition)

   TaskExecutorConfigurations.TaskExecutorConfiguration matched:
      - AnyNestedCondition 1 matched 1 did not; NestedCondition on TaskExecutorConfigurations.OnExecutorCondition.ModelCondition @ConditionalOnProperty (spring.task.execution.mode=force) did not find property 'spring.task.execution.mode'; NestedCondition on TaskExecutorConfigurations.OnExecutorCondition.ExecutorBeanCondition @ConditionalOnMissingBean (types: java.util.concurrent.Executor; SearchStrategy: all) did not find any beans (TaskExecutorConfigurations.OnExecutorCondition)

   TaskExecutorConfigurations.TaskExecutorConfiguration#applicationTaskExecutor matched:
      - @ConditionalOnThreading found PLATFORM (OnThreadingCondition)

   TaskExecutorConfigurations.ThreadPoolTaskExecutorBuilderConfiguration#threadPoolTaskExecutorBuilder matched:
      - @ConditionalOnMissingBean (types: org.springframework.boot.task.ThreadPoolTaskExecutorBuilder; SearchStrategy: all) did not find any beans (OnBeanCondition)

   TaskSchedulingAutoConfiguration matched:
      - @ConditionalOnClass found required class 'org.springframework.scheduling.concurrent.ThreadPoolTaskScheduler' (OnClassCondition)

   TaskSchedulingConfigurations.SimpleAsyncTaskSchedulerBuilderConfiguration#simpleAsyncTaskSchedulerBuilder matched:
      - @ConditionalOnMissingBean (types: org.springframework.boot.task.SimpleAsyncTaskSchedulerBuilder; SearchStrategy: all) did not find any beans (OnBeanCondition)
      - @ConditionalOnThreading found PLATFORM (OnThreadingCondition)

   TaskSchedulingConfigurations.ThreadPoolTaskSchedulerBuilderConfiguration#threadPoolTaskSchedulerBuilder matched:
      - @ConditionalOnMissingBean (types: org.springframework.boot.task.ThreadPoolTaskSchedulerBuilder; SearchStrategy: all) did not find any beans (OnBeanCondition)

   TomcatServletWebServerAutoConfiguration matched:
      - @ConditionalOnClass found required classes 'jakarta.servlet.ServletRequest', 'org.apache.catalina.startup.Tomcat', 'org.apache.coyote.UpgradeProtocol', 'org.springframework.boot.tomcat.servlet.TomcatServletWebServerFactory' (OnClassCondition)
      - found 'session' scope (OnWebApplicationCondition)

   TomcatServletWebServerAutoConfiguration#tomcatServletWebServerFactory matched:
      - @ConditionalOnMissingBean (types: org.springframework.boot.web.server.servlet.ServletWebServerFactory; SearchStrategy: current) did not find any beans (OnBeanCondition)

   TomcatWebServerConfiguration matched:
      - @ConditionalOnWarDeployment the application is not deployed as a WAR file. (OnWarDeploymentCondition)

   TomcatWebServerConfiguration.TomcatWebSocketConfiguration matched:
      - @ConditionalOnClass found required class 'org.apache.tomcat.websocket.server.WsSci' (OnClassCondition)

   TransactionAutoConfiguration matched:
      - @ConditionalOnClass found required class 'org.springframework.transaction.PlatformTransactionManager' (OnClassCondition)

   TransactionManagerCustomizationAutoConfiguration matched:
      - @ConditionalOnClass found required class 'org.springframework.transaction.PlatformTransactionManager' (OnClassCondition)

   TransactionManagerCustomizationAutoConfiguration#platformTransactionManagerCustomizers matched:
      - @ConditionalOnMissingBean (types: org.springframework.boot.transaction.autoconfigure.TransactionManagerCustomizers; SearchStrategy: all) did not find any beans (OnBeanCondition)

   ValidationAutoConfiguration matched:
      - @ConditionalOnClass found required class 'jakarta.validation.executable.ExecutableValidator' (OnClassCondition)
      - @ConditionalOnResource found location classpath:META-INF/services/jakarta.validation.spi.ValidationProvider (OnResourceCondition)

   ValidationAutoConfiguration#defaultValidator matched:
      - @ConditionalOnMissingBean (types: jakarta.validation.Validator; SearchStrategy: all) did not find any beans (OnBeanCondition)

   ValidationAutoConfiguration#methodValidationPostProcessor matched:
      - @ConditionalOnMissingBean (types: org.springframework.validation.beanvalidation.MethodValidationPostProcessor; SearchStrategy: current) did not find any beans (OnBeanCondition)

   WebMvcAutoConfiguration matched:
      - @ConditionalOnClass found required classes 'jakarta.servlet.Servlet', 'org.springframework.web.servlet.DispatcherServlet', 'org.springframework.web.servlet.config.annotation.WebMvcConfigurer' (OnClassCondition)
      - found 'session' scope (OnWebApplicationCondition)
      - @ConditionalOnMissingBean (types: org.springframework.web.servlet.config.annotation.WebMvcConfigurationSupport; SearchStrategy: all) did not find any beans (OnBeanCondition)

   WebMvcAutoConfiguration#formContentFilter matched:
      - @ConditionalOnBooleanProperty (spring.mvc.formcontent.filter.enabled=true) matched (OnPropertyCondition)
      - @ConditionalOnMissingBean (types: org.springframework.web.filter.FormContentFilter; SearchStrategy: all) did not find any beans (OnBeanCondition)

   WebMvcAutoConfiguration.EnableWebMvcConfiguration#flashMapManager matched:
      - @ConditionalOnMissingBean (names: flashMapManager; SearchStrategy: all) did not find any beans (OnBeanCondition)

   WebMvcAutoConfiguration.EnableWebMvcConfiguration#localeResolver matched:
      - @ConditionalOnMissingBean (names: localeResolver; SearchStrategy: all) did not find any beans (OnBeanCondition)

   WebMvcAutoConfiguration.EnableWebMvcConfiguration#viewNameTranslator matched:
      - @ConditionalOnMissingBean (names: viewNameTranslator; SearchStrategy: all) did not find any beans (OnBeanCondition)

   WebMvcAutoConfiguration.WebMvcAutoConfigurationAdapter#defaultViewResolver matched:
      - @ConditionalOnMissingBean (types: org.springframework.web.servlet.view.InternalResourceViewResolver; SearchStrategy: all) did not find any beans (OnBeanCondition)

   WebMvcAutoConfiguration.WebMvcAutoConfigurationAdapter#requestContextFilter matched:
      - @ConditionalOnMissingBean (types: org.springframework.web.context.request.RequestContextListener,org.springframework.web.filter.RequestContextFilter; SearchStrategy: all) did not find any beans (OnBeanCondition)

   WebMvcAutoConfiguration.WebMvcAutoConfigurationAdapter#viewResolver matched:
      - @ConditionalOnBean (types: org.springframework.web.servlet.ViewResolver; SearchStrategy: all) found beans 'defaultViewResolver', 'beanNameViewResolver', 'mvcViewResolver'; @ConditionalOnMissingBean (names: viewResolver types: org.springframework.web.servlet.view.ContentNegotiatingViewResolver; SearchStrategy: all) did not find any beans (OnBeanCondition)


Negative matches:
-----------------

   AopAutoConfiguration.AspectJAutoProxyingConfiguration.JdkDynamicAutoProxyConfiguration:
      Did not match:
         - @ConditionalOnBooleanProperty (spring.aop.proxy-target-class=false) did not find property 'spring.aop.proxy-target-class' (OnPropertyCondition)

   AopAutoConfiguration.ClassProxyingConfiguration:
      Did not match:
         - @ConditionalOnMissingClass found unwanted class 'org.aspectj.weaver.Advice' (OnClassCondition)

   DataJpaRepositoriesAutoConfiguration:
      Did not match:
         - @ConditionalOnBean (types: javax.sql.DataSource; SearchStrategy: all) did not find any beans of type javax.sql.DataSource (OnBeanCondition)
      Matched:
         - @ConditionalOnClass found required class 'org.springframework.data.jpa.repository.JpaRepository' (OnClassCondition)
         - @ConditionalOnBooleanProperty (spring.data.jpa.repositories.enabled=true) matched (OnPropertyCondition)

   DataRepositoryMetricsAutoConfiguration:
      Did not match:
         - @ConditionalOnBean did not find required type 'io.micrometer.core.instrument.MeterRegistry' (OnBeanCondition)

   DataSourceHealthContributorAutoConfiguration:
      Did not match:
         - @ConditionalOnClass did not find required class 'org.springframework.boot.health.autoconfigure.contributor.ConditionalOnEnabledHealthIndicator' (OnClassCondition)

   DataSourceInitializationAutoConfiguration:
      Did not match:
         - @ConditionalOnSingleCandidate (types: javax.sql.DataSource; SearchStrategy: all) did not find any beans (OnBeanCondition)
      Matched:
         - @ConditionalOnClass found required class 'org.springframework.jdbc.datasource.init.DatabasePopulator' (OnClassCondition)
         - SQL InitializationDatabase Initialization default value is EMBEDDED (OnSqlInitializationCondition)

   DataSourcePoolMetricsAutoConfiguration:
      Did not match:
         - @ConditionalOnClass did not find required class 'io.micrometer.core.instrument.MeterRegistry' (OnClassCondition)

   DevToolsDataSourceAutoConfiguration:
      Did not match:
         - DevTools DataSource Condition did not find a single DataSource bean (DevToolsDataSourceAutoConfiguration.DevToolsDataSourceCondition)
      Matched:
         - @ConditionalOnClass found required class 'javax.sql.DataSource' (OnClassCondition)
         - Devtools devtools enabled. (OnEnabledDevToolsCondition)

   DevToolsDataSourceAutoConfiguration.DatabaseShutdownExecutorEntityManagerFactoryDependsOnConfiguration:
      Did not match:
         - Ancestor org.springframework.boot.devtools.autoconfigure.DevToolsDataSourceAutoConfiguration did not match (ConditionEvaluationReport.AncestorsMatchedCondition)
      Matched:
         - @ConditionalOnClass found required classes 'org.springframework.boot.jpa.autoconfigure.EntityManagerFactoryDependsOnPostProcessor', 'org.springframework.orm.jpa.LocalContainerEntityManagerFactoryBean' (OnClassCondition)

   DevToolsR2dbcAutoConfiguration:
      Did not match:
         - @ConditionalOnClass did not find required class 'io.r2dbc.spi.ConnectionFactory' (OnClassCondition)

   DispatcherServletAutoConfiguration.DispatcherServletConfiguration#multipartResolver:
      Did not match:
         - @ConditionalOnBean (types: org.springframework.web.multipart.MultipartResolver; SearchStrategy: all) did not find any beans of type org.springframework.web.multipart.MultipartResolver (OnBeanCondition)

   GsonHttpMessageConvertersConfiguration.GsonHttpMessageConverterConfiguration:
      Did not match:
         - AnyNestedCondition 0 matched 2 did not; NestedCondition on GsonHttpMessageConvertersConfiguration.PreferGsonOrJacksonAndJsonbUnavailableCondition.JacksonJsonbUnavailable NoneNestedConditions 1 matched 2 did not; NestedCondition on GsonHttpMessageConvertersConfiguration.JacksonAndJsonbUnavailableCondition.JsonbPreferred @ConditionalOnProperty (spring.http.converters.preferred-json-mapper=jsonb) did not find property 'spring.http.converters.preferred-json-mapper'; NestedCondition on GsonHttpMessageConvertersConfiguration.JacksonAndJsonbUnavailableCondition.Jackson2Available @ConditionalOnBean (types: org.springframework.boot.http.converter.autoconfigure.Jackson2HttpMessageConvertersConfiguration$Jackson2JsonMessageConvertersCustomizer; SearchStrategy: all) did not find any beans of type org.springframework.boot.http.converter.autoconfigure.Jackson2HttpMessageConvertersConfiguration$Jackson2JsonMessageConvertersCustomizer; NestedCondition on GsonHttpMessageConvertersConfiguration.JacksonAndJsonbUnavailableCondition.JacksonAvailable @ConditionalOnBean (types: org.springframework.boot.http.converter.autoconfigure.JacksonHttpMessageConvertersConfiguration$JacksonJsonHttpMessageConvertersCustomizer; SearchStrategy: all) found bean 'jacksonJsonHttpMessageConvertersCustomizer'; NestedCondition on GsonHttpMessageConvertersConfiguration.PreferGsonOrJacksonAndJsonbUnavailableCondition.GsonPreferred @ConditionalOnProperty (spring.http.converters.preferred-json-mapper=gson) did not find property 'spring.http.converters.preferred-json-mapper' (GsonHttpMessageConvertersConfiguration.PreferGsonOrJacksonAndJsonbUnavailableCondition)

   HibernateMetricsAutoConfiguration:
      Did not match:
         - @ConditionalOnClass did not find required class 'io.micrometer.core.instrument.MeterRegistry' (OnClassCondition)

   Jackson2HttpMessageConvertersConfiguration.MappingJackson2HttpMessageConverterConfiguration:
      Did not match:
         - AnyNestedCondition 0 matched 2 did not; NestedCondition on Jackson2HttpMessageConvertersConfiguration.PreferJackson2OrJacksonUnavailableCondition.JacksonUnavailable @ConditionalOnMissingBean (types: org.springframework.boot.http.converter.autoconfigure.JacksonHttpMessageConvertersConfiguration$JacksonJsonHttpMessageConvertersCustomizer; SearchStrategy: all) found beans of type 'org.springframework.boot.http.converter.autoconfigure.JacksonHttpMessageConvertersConfiguration$JacksonJsonHttpMessageConvertersCustomizer' jacksonJsonHttpMessageConvertersCustomizer; NestedCondition on Jackson2HttpMessageConvertersConfiguration.PreferJackson2OrJacksonUnavailableCondition.Jackson2Preferred @ConditionalOnProperty (spring.http.converters.preferred-json-mapper=jackson2) did not find property 'spring.http.converters.preferred-json-mapper' (Jackson2HttpMessageConvertersConfiguration.PreferJackson2OrJacksonUnavailableCondition)
      Matched:
         - @ConditionalOnClass found required class 'com.fasterxml.jackson.databind.ObjectMapper' (OnClassCondition)

   Jackson2HttpMessageConvertersConfiguration.MappingJackson2XmlHttpMessageConverterConfiguration:
      Did not match:
         - @ConditionalOnClass did not find required class 'com.fasterxml.jackson.dataformat.xml.XmlMapper' (OnClassCondition)

   JacksonAutoConfiguration.CborConfiguration:
      Did not match:
         - @ConditionalOnClass did not find required class 'tools.jackson.dataformat.cbor.CBORMapper' (OnClassCondition)

   JacksonAutoConfiguration.XmlConfiguration:
      Did not match:
         - @ConditionalOnClass did not find required class 'tools.jackson.dataformat.xml.XmlMapper' (OnClassCondition)

   JacksonHttpMessageConvertersConfiguration.JacksonXmlHttpMessageConverterConfiguration:
      Did not match:
         - @ConditionalOnClass did not find required class 'tools.jackson.dataformat.xml.XmlMapper' (OnClassCondition)

   JdbcClientAutoConfiguration:
      Did not match:
         - @ConditionalOnSingleCandidate (types: org.springframework.jdbc.core.namedparam.NamedParameterJdbcTemplate; SearchStrategy: all) did not find any beans (OnBeanCondition)

   JdbcTemplateAutoConfiguration:
      Did not match:
         - @ConditionalOnSingleCandidate (types: javax.sql.DataSource; SearchStrategy: all) did not find any beans (OnBeanCondition)
      Matched:
         - @ConditionalOnClass found required classes 'javax.sql.DataSource', 'org.springframework.jdbc.core.JdbcTemplate' (OnClassCondition)

   JmxAutoConfiguration:
      Did not match:
         - @ConditionalOnBooleanProperty (spring.jmx.enabled=true) did not find property 'spring.jmx.enabled' (OnPropertyCondition)
      Matched:
         - @ConditionalOnClass found required class 'org.springframework.jmx.export.MBeanExporter' (OnClassCondition)

   JndiDataSourceAutoConfiguration:
      Did not match:
         - @ConditionalOnProperty (spring.datasource.jndi-name) did not find property 'spring.datasource.jndi-name' (OnPropertyCondition)
      Matched:
         - @ConditionalOnClass found required classes 'javax.sql.DataSource', 'org.springframework.jdbc.datasource.embedded.EmbeddedDatabaseType' (OnClassCondition)

   JndiJtaConfiguration:
      Did not match:
         - @ConditionalOnJndi JNDI environment is not available (OnJndiCondition)
      Matched:
         - @ConditionalOnClass found required class 'org.springframework.transaction.jta.JtaTransactionManager' (OnClassCondition)

   JsonbHttpMessageConvertersConfiguration:
      Did not match:
         - @ConditionalOnClass did not find required class 'jakarta.json.bind.Jsonb' (OnClassCondition)

   KotlinSerializationHttpMessageConvertersConfiguration:
      Did not match:
         - @ConditionalOnClass did not find required classes 'kotlinx.serialization.Serializable', 'kotlinx.serialization.json.Json' (OnClassCondition)

   LocalDevToolsAutoConfiguration.LiveReloadConfiguration:
      Did not match:
         - @ConditionalOnBooleanProperty (spring.devtools.livereload.enabled=true) did not find property 'spring.devtools.livereload.enabled' (OnPropertyCondition)

   MessageSourceAutoConfiguration:
      Did not match:
         - ResourceBundle did not find bundle with basename messages (MessageSourceAutoConfiguration.ResourceBundleCondition)

   ProjectInfoAutoConfiguration#buildProperties:
      Did not match:
         - @ConditionalOnResource did not find resource '${spring.info.build.location:classpath:META-INF/build-info.properties}' (OnResourceCondition)

   ProjectInfoAutoConfiguration#gitProperties:
      Did not match:
         - GitResource did not find git info at classpath:git.properties (ProjectInfoAutoConfiguration.GitResourceAvailableCondition)

   RemoteDevToolsAutoConfiguration:
      Did not match:
         - @ConditionalOnProperty (spring.devtools.remote.secret) did not find property 'spring.devtools.remote.secret' (OnPropertyCondition)
      Matched:
         - @ConditionalOnClass found required classes 'jakarta.servlet.Filter', 'org.springframework.http.server.ServerHttpRequest', 'org.springframework.boot.web.server.autoconfigure.ServerProperties' (OnClassCondition)

   ServletHttpExchangesAutoConfiguration:
      Did not match:
         - @ConditionalOnBean did not find required type 'org.springframework.boot.actuate.web.exchanges.HttpExchangeRepository' (OnBeanCondition)

   ServletManagementContextAutoConfiguration:
      Did not match:
         - @ConditionalOnClass did not find required class 'org.springframework.boot.actuate.autoconfigure.endpoint.web.WebEndpointProperties' (OnClassCondition)

   ServletMappingsAutoConfiguration:
      Did not match:
         - @ConditionalOnClass did not find required class 'org.springframework.boot.actuate.autoconfigure.endpoint.condition.ConditionalOnAvailableEndpoint' (OnClassCondition)

   ServletWebServerConfiguration#forwardedHeaderFilter:
      Did not match:
         - @ConditionalOnProperty (server.forward-headers-strategy=framework) did not find property 'server.forward-headers-strategy' (OnPropertyCondition)

   SpringApplicationAdminJmxAutoConfiguration:
      Did not match:
         - @ConditionalOnBooleanProperty (spring.application.admin.enabled=true) did not find property 'spring.application.admin.enabled' (OnPropertyCondition)

   TaskExecutorConfigurations.AsyncConfigurerWrapperConfiguration:
      Did not match:
         - @ConditionalOnBean (types: org.springframework.scheduling.annotation.AsyncConfigurer; SearchStrategy: all) did not find any beans of type org.springframework.scheduling.annotation.AsyncConfigurer (OnBeanCondition)

   TaskExecutorConfigurations.SimpleAsyncTaskExecutorBuilderConfiguration#simpleAsyncTaskExecutorBuilderVirtualThreads:
      Did not match:
         - @ConditionalOnMissingBean (types: org.springframework.boot.task.SimpleAsyncTaskExecutorBuilder; SearchStrategy: all) found beans of type 'org.springframework.boot.task.SimpleAsyncTaskExecutorBuilder' simpleAsyncTaskExecutorBuilder (OnBeanCondition)

   TaskExecutorConfigurations.TaskExecutorConfiguration#applicationTaskExecutorVirtualThreads:
      Did not match:
         - @ConditionalOnThreading did not find VIRTUAL (OnThreadingCondition)

   TaskSchedulingAutoConfiguration#scheduledBeanLazyInitializationExcludeFilter:
      Did not match:
         - @ConditionalOnBean (names: org.springframework.scheduling.config.internalScheduledAnnotationProcessor; SearchStrategy: all) did not find any beans named org.springframework.scheduling.config.internalScheduledAnnotationProcessor (OnBeanCondition)

   TaskSchedulingConfigurations.SimpleAsyncTaskSchedulerBuilderConfiguration#simpleAsyncTaskSchedulerBuilderVirtualThreads:
      Did not match:
         - @ConditionalOnMissingBean (types: org.springframework.boot.task.SimpleAsyncTaskSchedulerBuilder; SearchStrategy: all) found beans of type 'org.springframework.boot.task.SimpleAsyncTaskSchedulerBuilder' simpleAsyncTaskSchedulerBuilder (OnBeanCondition)

   TaskSchedulingConfigurations.TaskSchedulerConfiguration:
      Did not match:
         - @ConditionalOnBean (names: org.springframework.scheduling.config.internalScheduledAnnotationProcessor; SearchStrategy: all) did not find any beans named org.springframework.scheduling.config.internalScheduledAnnotationProcessor (OnBeanCondition)

   TomcatMetricsAutoConfiguration:
      Did not match:
         - @ConditionalOnClass did not find required class 'io.micrometer.core.instrument.binder.tomcat.TomcatMetrics' (OnClassCondition)

   TomcatReactiveManagementContextAutoConfiguration:
      Did not match:
         - @ConditionalOnClass did not find required class 'org.springframework.boot.actuate.autoconfigure.web.server.ManagementContextFactory' (OnClassCondition)

   TomcatReactiveWebServerAutoConfiguration:
      Did not match:
         - @ConditionalOnWebApplication did not find reactive web application classes (OnWebApplicationCondition)

   TomcatServletManagementContextAutoConfiguration:
      Did not match:
         - @ConditionalOnClass did not find required class 'org.springframework.boot.actuate.autoconfigure.web.server.ManagementContextFactory' (OnClassCondition)

   TomcatServletWebServerAutoConfiguration#tomcatForwardedHeaderFilterCustomizer:
      Did not match:
         - @ConditionalOnProperty (server.forward-headers-strategy=framework) did not find property 'server.forward-headers-strategy' (OnPropertyCondition)

   TomcatWebServerConfiguration#tomcatVirtualThreadsProtocolHandlerCustomizer:
      Did not match:
         - @ConditionalOnThreading did not find VIRTUAL (OnThreadingCondition)

   TransactionAutoConfiguration#transactionalOperator:
      Did not match:
         - @ConditionalOnSingleCandidate (types: org.springframework.transaction.ReactiveTransactionManager; SearchStrategy: all) did not find any beans (OnBeanCondition)

   TransactionAutoConfiguration.AspectJTransactionManagementConfiguration:
      Did not match:
         - @ConditionalOnBean (types: org.springframework.transaction.aspectj.AbstractTransactionAspect; SearchStrategy: all) did not find any beans of type org.springframework.transaction.aspectj.AbstractTransactionAspect (OnBeanCondition)

   TransactionAutoConfiguration.EnableTransactionManagementConfiguration:
      Did not match:
         - @ConditionalOnBean (types: org.springframework.transaction.TransactionManager; SearchStrategy: all) did not find any beans of type org.springframework.transaction.TransactionManager (OnBeanCondition)

   TransactionAutoConfiguration.EnableTransactionManagementConfiguration.CglibAutoProxyConfiguration:
      Did not match:
         - Ancestor org.springframework.boot.transaction.autoconfigure.TransactionAutoConfiguration$EnableTransactionManagementConfiguration did not match (ConditionEvaluationReport.AncestorsMatchedCondition)
      Matched:
         - @ConditionalOnBooleanProperty (spring.aop.proxy-target-class=true) matched (OnPropertyCondition)

   TransactionAutoConfiguration.EnableTransactionManagementConfiguration.JdkDynamicAutoProxyConfiguration:
      Did not match:
         - @ConditionalOnBooleanProperty (spring.aop.proxy-target-class=false) did not find property 'spring.aop.proxy-target-class' (OnPropertyCondition)
         - Ancestor org.springframework.boot.transaction.autoconfigure.TransactionAutoConfiguration$EnableTransactionManagementConfiguration did not match (ConditionEvaluationReport.AncestorsMatchedCondition)

   TransactionAutoConfiguration.TransactionTemplateConfiguration:
      Did not match:
         - @ConditionalOnSingleCandidate (types: org.springframework.transaction.PlatformTransactionManager; SearchStrategy: all) did not find any beans (OnBeanCondition)

   WebMvcAutoConfiguration#hiddenHttpMethodFilter:
      Did not match:
         - @ConditionalOnBooleanProperty (spring.mvc.hiddenmethod.filter.enabled=true) did not find property 'spring.mvc.hiddenmethod.filter.enabled' (OnPropertyCondition)

   WebMvcAutoConfiguration.ProblemDetailsErrorHandlingConfiguration:
      Did not match:
         - @ConditionalOnBooleanProperty (spring.mvc.problemdetails.enabled=true) did not find property 'spring.mvc.problemdetails.enabled' (OnPropertyCondition)

   WebMvcAutoConfiguration.ResourceChainCustomizerConfiguration:
      Did not match:
         - @ConditionalOnEnabledResourceChain did not find class org.webjars.WebJarVersionLocator (OnEnabledResourceChainCondition)

   WebMvcAutoConfiguration.WebMvcAutoConfigurationAdapter#beanNameViewResolver:
      Did not match:
         - @ConditionalOnMissingBean (types: org.springframework.web.servlet.view.BeanNameViewResolver; SearchStrategy: all) found beans of type 'org.springframework.web.servlet.view.BeanNameViewResolver' beanNameViewResolver (OnBeanCondition)

   WebMvcHealthEndpointExtensionAutoConfiguration:
      Did not match:
         - @ConditionalOnClass did not find required class 'org.springframework.boot.health.actuate.endpoint.HealthEndpoint' (OnClassCondition)

   WebMvcMappingsAutoConfiguration:
      Did not match:
         - @ConditionalOnClass did not find required class 'org.springframework.boot.actuate.autoconfigure.endpoint.condition.ConditionalOnAvailableEndpoint' (OnClassCondition)

   WebMvcObservationAutoConfiguration:
      Did not match:
         - @ConditionalOnClass did not find required class 'org.springframework.boot.micrometer.observation.autoconfigure.ObservationProperties' (OnClassCondition)

   XADataSourceAutoConfiguration:
      Did not match:
         - @ConditionalOnBean (types: org.springframework.boot.jdbc.XADataSourceWrapper; SearchStrategy: all) did not find any beans of type org.springframework.boot.jdbc.XADataSourceWrapper (OnBeanCondition)
      Matched:
         - @ConditionalOnClass found required classes 'javax.sql.DataSource', 'jakarta.transaction.TransactionManager', 'org.springframework.jdbc.datasource.embedded.EmbeddedDatabaseType' (OnClassCondition)


Exclusions:
-----------

    org.springframework.boot.jdbc.autoconfigure.DataSourceAutoConfiguration

    org.springframework.boot.jdbc.autoconfigure.DataSourceTransactionManagerAutoConfiguration

    org.springframework.boot.hibernate.autoconfigure.HibernateJpaAutoConfiguration


Unconditional classes:
----------------------

    org.springframework.boot.autoconfigure.context.ConfigurationPropertiesAutoConfiguration

    org.springframework.boot.autoconfigure.ssl.SslAutoConfiguration

    org.springframework.boot.autoconfigure.context.LifecycleAutoConfiguration

    org.springframework.boot.autoconfigure.context.PropertyPlaceholderAutoConfiguration

    org.springframework.boot.autoconfigure.availability.ApplicationAvailabilityAutoConfiguration

    org.springframework.boot.autoconfigure.info.ProjectInfoAutoConfiguration



2026-06-11T11:52:13.414+05:30  INFO 11320 --- [playwright-framework] [  restartedMain] c.a.p.PlaywrightFrameworkApplication     : Started PlaywrightFrameworkApplication in 0.146 seconds (process running for 2065.537)
2026-06-11T11:52:13.414+05:30 DEBUG 11320 --- [playwright-framework] [  restartedMain] o.s.b.a.ApplicationAvailabilityBean      : Application availability state LivenessState changed to CORRECT
2026-06-11T11:52:13.415+05:30  INFO 11320 --- [playwright-framework] [  restartedMain] .ConditionEvaluationDeltaLoggingListener : Condition evaluation unchanged
2026-06-11T11:52:13.415+05:30 DEBUG 11320 --- [playwright-framework] [  restartedMain] o.s.b.a.ApplicationAvailabilityBean      : Application availability state ReadinessState changed to ACCEPTING_TRAFFIC
2026-06-11T11:52:19.451+05:30  INFO 11320 --- [playwright-framework] [nio-8080-exec-1] o.a.c.c.C.[Tomcat].[localhost].[/]       : Initializing Spring DispatcherServlet 'dispatcherServlet'
2026-06-11T11:52:19.452+05:30  INFO 11320 --- [playwright-framework] [nio-8080-exec-1] o.s.web.servlet.DispatcherServlet        : Initializing Servlet 'dispatcherServlet'
2026-06-11T11:52:19.453+05:30 DEBUG 11320 --- [playwright-framework] [nio-8080-exec-1] o.s.web.servlet.DispatcherServlet        : Detected StandardServletMultipartResolver
2026-06-11T11:52:19.453+05:30 DEBUG 11320 --- [playwright-framework] [nio-8080-exec-1] o.s.web.servlet.DispatcherServlet        : Detected AcceptHeaderLocaleResolver
2026-06-11T11:52:19.454+05:30 DEBUG 11320 --- [playwright-framework] [nio-8080-exec-1] o.s.web.servlet.DispatcherServlet        : Detected org.springframework.web.servlet.view.DefaultRequestToViewNameTranslator@21f2e184
2026-06-11T11:52:19.454+05:30 DEBUG 11320 --- [playwright-framework] [nio-8080-exec-1] o.s.web.servlet.DispatcherServlet        : Detected org.springframework.web.servlet.support.SessionFlashMapManager@3c06eb7b
2026-06-11T11:52:19.455+05:30 DEBUG 11320 --- [playwright-framework] [nio-8080-exec-1] o.s.web.servlet.DispatcherServlet        : enableLoggingRequestDetails='false': request parameters and headers will be masked to prevent unsafe logging of potentially sensitive data
2026-06-11T11:52:19.455+05:30  INFO 11320 --- [playwright-framework] [nio-8080-exec-1] o.s.web.servlet.DispatcherServlet        : Completed initialization in 2 ms
2026-06-11T11:52:19.456+05:30 DEBUG 11320 --- [playwright-framework] [nio-8080-exec-1] o.s.web.servlet.DispatcherServlet        : GET "/api/reports/latest", parameters={}
2026-06-11T11:52:19.456+05:30 DEBUG 11320 --- [playwright-framework] [nio-8080-exec-1] s.w.s.m.m.a.RequestMappingHandlerMapping : Mapped to com.automation.playwright_framework.TestReportController#latest()
2026-06-11T11:52:19.468+05:30 DEBUG 11320 --- [playwright-framework] [nio-8080-exec-1] o.s.w.s.m.m.a.HttpEntityMethodProcessor  : Using 'application/json', given [*/*] and supported [application/json]
2026-06-11T11:52:19.469+05:30 DEBUG 11320 --- [playwright-framework] [nio-8080-exec-1] o.s.w.s.m.m.a.HttpEntityMethodProcessor  : Writing [TestReportResponse[status=FAILURE, suiteName=com.automation.playwright_framework.CooDeclarationTestC (truncated)...]
2026-06-11T11:52:19.475+05:30 DEBUG 11320 --- [playwright-framework] [nio-8080-exec-1] o.s.web.servlet.DispatcherServlet        : Completed 200 OK
2026-06-11T11:53:19.457+05:30 DEBUG 11320 --- [playwright-framework] [nio-8080-exec-3] o.s.web.servlet.DispatcherServlet        : GET "/api/reports/latest", parameters={}
2026-06-11T11:53:19.479+05:30 DEBUG 11320 --- [playwright-framework] [nio-8080-exec-3] s.w.s.m.m.a.RequestMappingHandlerMapping : Mapped to com.automation.playwright_framework.TestReportController#latest()
2026-06-11T11:53:19.499+05:30 DEBUG 11320 --- [playwright-framework] [nio-8080-exec-3] o.s.w.s.m.m.a.HttpEntityMethodProcessor  : Using 'application/json', given [*/*] and supported [application/json]
2026-06-11T11:53:19.500+05:30 DEBUG 11320 --- [playwright-framework] [nio-8080-exec-3] o.s.w.s.m.m.a.HttpEntityMethodProcessor  : Writing [TestReportResponse[status=SUCCESS, suiteName=com.automation.playwright_framework.CooDeclarationTestC (truncated)...]
2026-06-11T11:53:19.502+05:30 DEBUG 11320 --- [playwright-framework] [nio-8080-exec-3] o.s.web.servlet.DispatcherServlet        : Completed 200 OK
2026-06-11T11:54:19.464+05:30 DEBUG 11320 --- [playwright-framework] [nio-8080-exec-4] o.s.web.servlet.DispatcherServlet        : GET "/api/reports/latest", parameters={}
2026-06-11T11:54:19.487+05:30 DEBUG 11320 --- [playwright-framework] [nio-8080-exec-4] s.w.s.m.m.a.RequestMappingHandlerMapping : Mapped to com.automation.playwright_framework.TestReportController#latest()
2026-06-11T11:54:19.497+05:30 DEBUG 11320 --- [playwright-framework] [nio-8080-exec-4] o.s.w.s.m.m.a.HttpEntityMethodProcessor  : Using 'application/json', given [*/*] and supported [application/json]
2026-06-11T11:54:19.497+05:30 DEBUG 11320 --- [playwright-framework] [nio-8080-exec-4] o.s.w.s.m.m.a.HttpEntityMethodProcessor  : Writing [TestReportResponse[status=SUCCESS, suiteName=com.automation.playwright_framework.CooDeclarationTestC (truncated)...]
2026-06-11T11:54:19.498+05:30 DEBUG 11320 --- [playwright-framework] [nio-8080-exec-4] o.s.web.servlet.DispatcherServlet        : Completed 200 OK
2026-06-11T11:55:19.462+05:30 DEBUG 11320 --- [playwright-framework] [nio-8080-exec-5] o.s.web.servlet.DispatcherServlet        : GET "/api/reports/latest", parameters={}
2026-06-11T11:55:19.485+05:30 DEBUG 11320 --- [playwright-framework] [nio-8080-exec-5] s.w.s.m.m.a.RequestMappingHandlerMapping : Mapped to com.automation.playwright_framework.TestReportController#latest()
2026-06-11T11:55:19.489+05:30 DEBUG 11320 --- [playwright-framework] [nio-8080-exec-5] o.s.w.s.m.m.a.HttpEntityMethodProcessor  : Using 'application/json', given [*/*] and supported [application/json]
2026-06-11T11:55:19.489+05:30 DEBUG 11320 --- [playwright-framework] [nio-8080-exec-5] o.s.w.s.m.m.a.HttpEntityMethodProcessor  : Writing [TestReportResponse[status=FAILURE, suiteName=com.automation.playwright_framework.CooDeclarationTestC (truncated)...]
2026-06-11T11:55:19.490+05:30 DEBUG 11320 --- [playwright-framework] [nio-8080-exec-5] o.s.web.servlet.DispatcherServlet        : Completed 200 OK
2026-06-11T11:56:19.488+05:30 DEBUG 11320 --- [playwright-framework] [nio-8080-exec-6] o.s.web.servlet.DispatcherServlet        : GET "/api/reports/latest", parameters={}
2026-06-11T11:56:19.506+05:30 DEBUG 11320 --- [playwright-framework] [nio-8080-exec-6] s.w.s.m.m.a.RequestMappingHandlerMapping : Mapped to com.automation.playwright_framework.TestReportController#latest()
2026-06-11T11:56:19.510+05:30 DEBUG 11320 --- [playwright-framework] [nio-8080-exec-6] o.s.w.s.m.m.a.HttpEntityMethodProcessor  : Using 'application/json', given [*/*] and supported [application/json]
2026-06-11T11:56:19.511+05:30 DEBUG 11320 --- [playwright-framework] [nio-8080-exec-6] o.s.w.s.m.m.a.HttpEntityMethodProcessor  : Writing [TestReportResponse[status=FAILURE, suiteName=com.automation.playwright_framework.CooDeclarationTestC (truncated)...]
2026-06-11T11:56:19.513+05:30 DEBUG 11320 --- [playwright-framework] [nio-8080-exec-6] o.s.web.servlet.DispatcherServlet        : Completed 200 OK
2026-06-11T11:57:19.453+05:30 DEBUG 11320 --- [playwright-framework] [nio-8080-exec-7] o.s.web.servlet.DispatcherServlet        : GET "/api/reports/latest", parameters={}
2026-06-11T11:57:19.476+05:30 DEBUG 11320 --- [playwright-framework] [nio-8080-exec-7] s.w.s.m.m.a.RequestMappingHandlerMapping : Mapped to com.automation.playwright_framework.TestReportController#latest()
2026-06-11T11:57:19.479+05:30 DEBUG 11320 --- [playwright-framework] [nio-8080-exec-7] o.s.w.s.m.m.a.HttpEntityMethodProcessor  : Using 'application/json', given [*/*] and supported [application/json]
2026-06-11T11:57:19.480+05:30 DEBUG 11320 --- [playwright-framework] [nio-8080-exec-7] o.s.w.s.m.m.a.HttpEntityMethodProcessor  : Writing [TestReportResponse[status=SUCCESS, suiteName=com.automation.playwright_framework.CooDeclarationTestC (truncated)...]
2026-06-11T11:57:19.480+05:30 DEBUG 11320 --- [playwright-framework] [nio-8080-exec-7] o.s.web.servlet.DispatcherServlet        : Completed 200 OK
2026-06-11T11:58:19.455+05:30 DEBUG 11320 --- [playwright-framework] [nio-8080-exec-8] o.s.web.servlet.DispatcherServlet        : GET "/api/reports/latest", parameters={}
2026-06-11T11:58:19.478+05:30 DEBUG 11320 --- [playwright-framework] [nio-8080-exec-8] s.w.s.m.m.a.RequestMappingHandlerMapping : Mapped to com.automation.playwright_framework.TestReportController#latest()
2026-06-11T11:58:19.482+05:30 DEBUG 11320 --- [playwright-framework] [nio-8080-exec-8] o.s.w.s.m.m.a.HttpEntityMethodProcessor  : Using 'application/json', given [*/*] and supported [application/json]
2026-06-11T11:58:19.482+05:30 DEBUG 11320 --- [playwright-framework] [nio-8080-exec-8] o.s.w.s.m.m.a.HttpEntityMethodProcessor  : Writing [TestReportResponse[status=SUCCESS, suiteName=com.automation.playwright_framework.CooDeclarationTestC (truncated)...]
2026-06-11T11:58:19.483+05:30 DEBUG 11320 --- [playwright-framework] [nio-8080-exec-8] o.s.web.servlet.DispatcherServlet        : Completed 200 OK
2026-06-11T11:59:19.470+05:30 DEBUG 11320 --- [playwright-framework] [nio-8080-exec-9] o.s.web.servlet.DispatcherServlet        : GET "/api/reports/latest", parameters={}
2026-06-11T11:59:19.493+05:30 DEBUG 11320 --- [playwright-framework] [nio-8080-exec-9] s.w.s.m.m.a.RequestMappingHandlerMapping : Mapped to com.automation.playwright_framework.TestReportController#latest()
2026-06-11T11:59:19.496+05:30 DEBUG 11320 --- [playwright-framework] [nio-8080-exec-9] o.s.w.s.m.m.a.HttpEntityMethodProcessor  : Using 'application/json', given [*/*] and supported [application/json]
2026-06-11T11:59:19.496+05:30 DEBUG 11320 --- [playwright-framework] [nio-8080-exec-9] o.s.w.s.m.m.a.HttpEntityMethodProcessor  : Writing [TestReportResponse[status=FAILURE, suiteName=com.automation.playwright_framework.CooDeclarationTestC (truncated)...]
2026-06-11T11:59:19.497+05:30 DEBUG 11320 --- [playwright-framework] [nio-8080-exec-9] o.s.web.servlet.DispatcherServlet        : Completed 200 OK
2026-06-11T12:00:19.457+05:30 DEBUG 11320 --- [playwright-framework] [io-8080-exec-10] o.s.web.servlet.DispatcherServlet        : GET "/api/reports/latest", parameters={}
2026-06-11T12:00:19.480+05:30 DEBUG 11320 --- [playwright-framework] [io-8080-exec-10] s.w.s.m.m.a.RequestMappingHandlerMapping : Mapped to com.automation.playwright_framework.TestReportController#latest()
2026-06-11T12:00:19.484+05:30 DEBUG 11320 --- [playwright-framework] [io-8080-exec-10] o.s.w.s.m.m.a.HttpEntityMethodProcessor  : Using 'application/json', given [*/*] and supported [application/json]
2026-06-11T12:00:19.485+05:30 DEBUG 11320 --- [playwright-framework] [io-8080-exec-10] o.s.w.s.m.m.a.HttpEntityMethodProcessor  : Writing [TestReportResponse[status=FAILURE, suiteName=com.automation.playwright_framework.CooDeclarationTestC (truncated)...]
2026-06-11T12:00:19.486+05:30 DEBUG 11320 --- [playwright-framework] [io-8080-exec-10] o.s.web.servlet.DispatcherServlet        : Completed 200 OK
2026-06-11T12:01:07.879+05:30 DEBUG 11320 --- [playwright-framework] [nio-8080-exec-1] o.s.web.servlet.DispatcherServlet        : GET "/api/reports/artifacts/coo-batch-submit-1.png", parameters={}
2026-06-11T12:01:07.904+05:30 DEBUG 11320 --- [playwright-framework] [nio-8080-exec-1] s.w.s.m.m.a.RequestMappingHandlerMapping : Mapped to com.automation.playwright_framework.TestReportController#artifact(String)
2026-06-11T12:01:07.952+05:30 DEBUG 11320 --- [playwright-framework] [nio-8080-exec-1] o.s.w.s.m.m.a.HttpEntityMethodProcessor  : Found 'Content-Type:image/png' in response
2026-06-11T12:01:07.955+05:30 DEBUG 11320 --- [playwright-framework] [nio-8080-exec-1] o.s.w.s.m.m.a.HttpEntityMethodProcessor  : Writing [URL [file:///D:/Mohan/play-wright/target/coo-batch-submit-1.png]]
2026-06-11T12:01:07.958+05:30 DEBUG 11320 --- [playwright-framework] [nio-8080-exec-1] o.s.web.servlet.DispatcherServlet        : Completed 200 OK
2026-06-11T12:01:18.950+05:30 DEBUG 11320 --- [playwright-framework] [nio-8080-exec-2] o.s.web.servlet.DispatcherServlet        : GET "/api/reports/artifacts/coo-batch-submit-validation-1.json", parameters={}
2026-06-11T12:01:18.975+05:30 DEBUG 11320 --- [playwright-framework] [nio-8080-exec-2] s.w.s.m.m.a.RequestMappingHandlerMapping : Mapped to com.automation.playwright_framework.TestReportController#artifact(String)
2026-06-11T12:01:18.976+05:30 DEBUG 11320 --- [playwright-framework] [nio-8080-exec-2] o.s.w.s.m.m.a.HttpEntityMethodProcessor  : Found 'Content-Type:application/json' in response
2026-06-11T12:01:18.977+05:30 DEBUG 11320 --- [playwright-framework] [nio-8080-exec-2] o.s.w.s.m.m.a.HttpEntityMethodProcessor  : Writing [URL [file:///D:/Mohan/play-wright/target/coo-batch-submit-validation-1.json]]
2026-06-11T12:01:18.978+05:30 DEBUG 11320 --- [playwright-framework] [nio-8080-exec-2] o.s.web.servlet.DispatcherServlet        : Completed 200 OK
2026-06-11T12:01:19.462+05:30 DEBUG 11320 --- [playwright-framework] [nio-8080-exec-3] o.s.web.servlet.DispatcherServlet        : GET "/api/reports/latest", parameters={}
2026-06-11T12:01:19.486+05:30 DEBUG 11320 --- [playwright-framework] [nio-8080-exec-3] s.w.s.m.m.a.RequestMappingHandlerMapping : Mapped to com.automation.playwright_framework.TestReportController#latest()
2026-06-11T12:01:19.490+05:30 DEBUG 11320 --- [playwright-framework] [nio-8080-exec-3] o.s.w.s.m.m.a.HttpEntityMethodProcessor  : Using 'application/json', given [*/*] and supported [application/json]
2026-06-11T12:01:19.492+05:30 DEBUG 11320 --- [playwright-framework] [nio-8080-exec-3] o.s.w.s.m.m.a.HttpEntityMethodProcessor  : Writing [TestReportResponse[status=FAILURE, suiteName=com.automation.playwright_framework.CooDeclarationTestC (truncated)...]
2026-06-11T12:01:19.495+05:30 DEBUG 11320 --- [playwright-framework] [nio-8080-exec-3] o.s.web.servlet.DispatcherServlet        : Completed 200 OK
2026-06-11T12:01:23.000+05:30 DEBUG 11320 --- [playwright-framework] [nio-8080-exec-4] o.s.web.servlet.DispatcherServlet        : GET "/api/reports/latest", parameters={}
2026-06-11T12:01:23.024+05:30 DEBUG 11320 --- [playwright-framework] [nio-8080-exec-4] s.w.s.m.m.a.RequestMappingHandlerMapping : Mapped to com.automation.playwright_framework.TestReportController#latest()
2026-06-11T12:01:23.033+05:30 DEBUG 11320 --- [playwright-framework] [nio-8080-exec-4] o.s.w.s.m.m.a.HttpEntityMethodProcessor  : Using 'application/json', given [*/*] and supported [application/json]
2026-06-11T12:01:23.034+05:30 DEBUG 11320 --- [playwright-framework] [nio-8080-exec-4] o.s.w.s.m.m.a.HttpEntityMethodProcessor  : Writing [TestReportResponse[status=FAILURE, suiteName=com.automation.playwright_framework.CooDeclarationTestC (truncated)...]
2026-06-11T12:01:23.034+05:30 DEBUG 11320 --- [playwright-framework] [nio-8080-exec-4] o.s.web.servlet.DispatcherServlet        : Completed 200 OK
2026-06-11T12:01:30.245+05:30 DEBUG 11320 --- [playwright-framework] [nio-8080-exec-5] o.s.web.servlet.DispatcherServlet        : GET "/api/reports/artifacts/coo-batch-submit-status-1.png", parameters={}
2026-06-11T12:01:30.247+05:30 DEBUG 11320 --- [playwright-framework] [nio-8080-exec-5] s.w.s.m.m.a.RequestMappingHandlerMapping : Mapped to com.automation.playwright_framework.TestReportController#artifact(String)
2026-06-11T12:01:30.248+05:30 DEBUG 11320 --- [playwright-framework] [nio-8080-exec-5] o.s.w.s.m.m.a.HttpEntityMethodProcessor  : Found 'Content-Type:image/png' in response
2026-06-11T12:01:30.248+05:30 DEBUG 11320 --- [playwright-framework] [nio-8080-exec-5] o.s.w.s.m.m.a.HttpEntityMethodProcessor  : Writing [URL [file:///D:/Mohan/play-wright/target/coo-batch-submit-status-1.png]]
2026-06-11T12:01:30.249+05:30 DEBUG 11320 --- [playwright-framework] [nio-8080-exec-5] o.s.web.servlet.DispatcherServlet        : Completed 200 OK
2026-06-11T13:56:36.642+05:30 DEBUG 11320 --- [playwright-framework] [nio-8080-exec-9] o.s.web.servlet.DispatcherServlet        : GET "/", parameters={}
2026-06-11T13:56:36.660+05:30 DEBUG 11320 --- [playwright-framework] [nio-8080-exec-9] o.s.w.s.handler.SimpleUrlHandlerMapping  : Mapped to ResourceHttpRequestHandler [classpath [META-INF/resources/], classpath [resources/], classpath [static/], classpath [public/], ServletContext [/]]
2026-06-11T13:56:36.663+05:30 DEBUG 11320 --- [playwright-framework] [nio-8080-exec-9] o.s.w.s.r.ResourceHttpRequestHandler     : Ignoring invalid resource path []
2026-06-11T13:56:36.667+05:30 DEBUG 11320 --- [playwright-framework] [nio-8080-exec-9] .w.s.m.s.DefaultHandlerExceptionResolver : Resolved [org.springframework.web.servlet.resource.NoResourceFoundException: No static resource  for request '/'.]
2026-06-11T13:56:36.668+05:30 DEBUG 11320 --- [playwright-framework] [nio-8080-exec-9] o.s.web.servlet.DispatcherServlet        : Completed 404 NOT_FOUND
2026-06-11T13:56:36.671+05:30 DEBUG 11320 --- [playwright-framework] [nio-8080-exec-9] o.s.web.servlet.DispatcherServlet        : "ERROR" dispatch for GET "/error", parameters={}
2026-06-11T13:56:36.673+05:30 DEBUG 11320 --- [playwright-framework] [nio-8080-exec-9] s.w.s.m.m.a.RequestMappingHandlerMapping : Mapped to org.springframework.boot.webmvc.autoconfigure.error.BasicErrorController#error(HttpServletRequest)
2026-06-11T13:56:36.693+05:30 DEBUG 11320 --- [playwright-framework] [nio-8080-exec-9] o.s.w.s.m.m.a.HttpEntityMethodProcessor  : Using 'application/json', given [*/*] and supported [application/json, application/*+json]
2026-06-11T13:56:36.696+05:30 DEBUG 11320 --- [playwright-framework] [nio-8080-exec-9] o.s.w.s.m.m.a.HttpEntityMethodProcessor  : Writing [{timestamp=Thu Jun 11 13:56:36 IST 2026, status=404, error=Not Found, trace=org.springframework.web. (truncated)...]
2026-06-11T13:56:36.710+05:30 DEBUG 11320 --- [playwright-framework] [nio-8080-exec-9] o.s.web.servlet.DispatcherServlet        : Exiting from "ERROR" dispatch, status 404
2026-06-11T13:56:41.330+05:30 DEBUG 11320 --- [playwright-framework] [io-8080-exec-10] o.s.web.servlet.DispatcherServlet        : GET "/", parameters={}
2026-06-11T13:56:41.355+05:30 DEBUG 11320 --- [playwright-framework] [io-8080-exec-10] o.s.w.s.handler.SimpleUrlHandlerMapping  : Mapped to ResourceHttpRequestHandler [classpath [META-INF/resources/], classpath [resources/], classpath [static/], classpath [public/], ServletContext [/]]
2026-06-11T13:56:41.355+05:30 DEBUG 11320 --- [playwright-framework] [io-8080-exec-10] o.s.w.s.r.ResourceHttpRequestHandler     : Ignoring invalid resource path []
2026-06-11T13:56:41.356+05:30 DEBUG 11320 --- [playwright-framework] [io-8080-exec-10] .w.s.m.s.DefaultHandlerExceptionResolver : Resolved [org.springframework.web.servlet.resource.NoResourceFoundException: No static resource  for request '/'.]
2026-06-11T13:56:41.356+05:30 DEBUG 11320 --- [playwright-framework] [io-8080-exec-10] o.s.web.servlet.DispatcherServlet        : Completed 404 NOT_FOUND
2026-06-11T13:56:41.357+05:30 DEBUG 11320 --- [playwright-framework] [io-8080-exec-10] o.s.web.servlet.DispatcherServlet        : "ERROR" dispatch for GET "/error", parameters={}
2026-06-11T13:56:41.358+05:30 DEBUG 11320 --- [playwright-framework] [io-8080-exec-10] s.w.s.m.m.a.RequestMappingHandlerMapping : Mapped to org.springframework.boot.webmvc.autoconfigure.error.BasicErrorController#error(HttpServletRequest)
2026-06-11T13:56:41.359+05:30 DEBUG 11320 --- [playwright-framework] [io-8080-exec-10] o.s.w.s.m.m.a.HttpEntityMethodProcessor  : Using 'application/json', given [*/*] and supported [application/json, application/*+json]
2026-06-11T13:56:41.360+05:30 DEBUG 11320 --- [playwright-framework] [io-8080-exec-10] o.s.w.s.m.m.a.HttpEntityMethodProcessor  : Writing [{timestamp=Thu Jun 11 13:56:41 IST 2026, status=404, error=Not Found, trace=org.springframework.web. (truncated)...]
2026-06-11T13:56:41.362+05:30 DEBUG 11320 --- [playwright-framework] [io-8080-exec-10] o.s.web.servlet.DispatcherServlet        : Exiting from "ERROR" dispatch, status 404
2026-06-11T13:56:42.368+05:30 DEBUG 11320 --- [playwright-framework] [nio-8080-exec-1] o.s.web.servlet.DispatcherServlet        : GET "/", parameters={}
2026-06-11T13:56:42.391+05:30 DEBUG 11320 --- [playwright-framework] [nio-8080-exec-1] o.s.w.s.handler.SimpleUrlHandlerMapping  : Mapped to ResourceHttpRequestHandler [classpath [META-INF/resources/], classpath [resources/], classpath [static/], classpath [public/], ServletContext [/]]
2026-06-11T13:56:42.391+05:30 DEBUG 11320 --- [playwright-framework] [nio-8080-exec-1] o.s.w.s.r.ResourceHttpRequestHandler     : Ignoring invalid resource path []
2026-06-11T13:56:42.392+05:30 DEBUG 11320 --- [playwright-framework] [nio-8080-exec-1] .w.s.m.s.DefaultHandlerExceptionResolver : Resolved [org.springframework.web.servlet.resource.NoResourceFoundException: No static resource  for request '/'.]
2026-06-11T13:56:42.393+05:30 DEBUG 11320 --- [playwright-framework] [nio-8080-exec-1] o.s.web.servlet.DispatcherServlet        : Completed 404 NOT_FOUND
2026-06-11T13:56:42.393+05:30 DEBUG 11320 --- [playwright-framework] [nio-8080-exec-1] o.s.web.servlet.DispatcherServlet        : "ERROR" dispatch for GET "/error", parameters={}
2026-06-11T13:56:42.394+05:30 DEBUG 11320 --- [playwright-framework] [nio-8080-exec-1] s.w.s.m.m.a.RequestMappingHandlerMapping : Mapped to org.springframework.boot.webmvc.autoconfigure.error.BasicErrorController#error(HttpServletRequest)
2026-06-11T13:56:42.395+05:30 DEBUG 11320 --- [playwright-framework] [nio-8080-exec-1] o.s.w.s.m.m.a.HttpEntityMethodProcessor  : Using 'application/json', given [*/*] and supported [application/json, application/*+json]
2026-06-11T13:56:42.396+05:30 DEBUG 11320 --- [playwright-framework] [nio-8080-exec-1] o.s.w.s.m.m.a.HttpEntityMethodProcessor  : Writing [{timestamp=Thu Jun 11 13:56:42 IST 2026, status=404, error=Not Found, trace=org.springframework.web. (truncated)...]
2026-06-11T13:56:42.397+05:30 DEBUG 11320 --- [playwright-framework] [nio-8080-exec-1] o.s.web.servlet.DispatcherServlet        : Exiting from "ERROR" dispatch, status 404
2026-06-11T13:56:42.589+05:30 DEBUG 11320 --- [playwright-framework] [nio-8080-exec-2] o.s.web.servlet.DispatcherServlet        : GET "/", parameters={}
2026-06-11T13:56:42.590+05:30 DEBUG 11320 --- [playwright-framework] [nio-8080-exec-2] o.s.w.s.handler.SimpleUrlHandlerMapping  : Mapped to ResourceHttpRequestHandler [classpath [META-INF/resources/], classpath [resources/], classpath [static/], classpath [public/], ServletContext [/]]
2026-06-11T13:56:42.591+05:30 DEBUG 11320 --- [playwright-framework] [nio-8080-exec-2] o.s.w.s.r.ResourceHttpRequestHandler     : Ignoring invalid resource path []
2026-06-11T13:56:42.591+05:30 DEBUG 11320 --- [playwright-framework] [nio-8080-exec-2] .w.s.m.s.DefaultHandlerExceptionResolver : Resolved [org.springframework.web.servlet.resource.NoResourceFoundException: No static resource  for request '/'.]
2026-06-11T13:56:42.592+05:30 DEBUG 11320 --- [playwright-framework] [nio-8080-exec-2] o.s.web.servlet.DispatcherServlet        : Completed 404 NOT_FOUND
2026-06-11T13:56:42.593+05:30 DEBUG 11320 --- [playwright-framework] [nio-8080-exec-2] o.s.web.servlet.DispatcherServlet        : "ERROR" dispatch for GET "/error", parameters={}
2026-06-11T13:56:42.593+05:30 DEBUG 11320 --- [playwright-framework] [nio-8080-exec-2] s.w.s.m.m.a.RequestMappingHandlerMapping : Mapped to org.springframework.boot.webmvc.autoconfigure.error.BasicErrorController#errorHtml(HttpServletRequest, HttpServletResponse)
2026-06-11T13:56:42.622+05:30 DEBUG 11320 --- [playwright-framework] [nio-8080-exec-2] o.s.w.s.v.ContentNegotiatingViewResolver : Selected 'text/html' given [text/html, text/html;q=0.8]
2026-06-11T13:56:42.626+05:30 DEBUG 11320 --- [playwright-framework] [nio-8080-exec-2] o.s.web.servlet.DispatcherServlet        : Exiting from "ERROR" dispatch, status 404
2026-06-11T13:56:43.812+05:30 DEBUG 11320 --- [playwright-framework] [nio-8080-exec-3] o.s.web.servlet.DispatcherServlet        : GET "/", parameters={}
2026-06-11T13:56:43.843+05:30 DEBUG 11320 --- [playwright-framework] [nio-8080-exec-3] o.s.w.s.handler.SimpleUrlHandlerMapping  : Mapped to ResourceHttpRequestHandler [classpath [META-INF/resources/], classpath [resources/], classpath [static/], classpath [public/], ServletContext [/]]
2026-06-11T13:56:43.844+05:30 DEBUG 11320 --- [playwright-framework] [nio-8080-exec-3] o.s.w.s.r.ResourceHttpRequestHandler     : Ignoring invalid resource path []
2026-06-11T13:56:43.844+05:30 DEBUG 11320 --- [playwright-framework] [nio-8080-exec-3] .w.s.m.s.DefaultHandlerExceptionResolver : Resolved [org.springframework.web.servlet.resource.NoResourceFoundException: No static resource  for request '/'.]
2026-06-11T13:56:43.844+05:30 DEBUG 11320 --- [playwright-framework] [nio-8080-exec-3] o.s.web.servlet.DispatcherServlet        : Completed 404 NOT_FOUND
2026-06-11T13:56:43.845+05:30 DEBUG 11320 --- [playwright-framework] [nio-8080-exec-3] o.s.web.servlet.DispatcherServlet        : "ERROR" dispatch for GET "/error", parameters={}
2026-06-11T13:56:43.847+05:30 DEBUG 11320 --- [playwright-framework] [nio-8080-exec-3] s.w.s.m.m.a.RequestMappingHandlerMapping : Mapped to org.springframework.boot.webmvc.autoconfigure.error.BasicErrorController#errorHtml(HttpServletRequest, HttpServletResponse)
2026-06-11T13:56:43.851+05:30 DEBUG 11320 --- [playwright-framework] [nio-8080-exec-3] o.s.w.s.v.ContentNegotiatingViewResolver : Selected 'text/html' given [text/html, text/html;q=0.8]
2026-06-11T13:56:43.852+05:30 DEBUG 11320 --- [playwright-framework] [nio-8080-exec-3] o.s.web.servlet.DispatcherServlet        : Exiting from "ERROR" dispatch, status 404
2026-06-11T13:56:44.435+05:30 DEBUG 11320 --- [playwright-framework] [nio-8080-exec-4] o.s.web.servlet.DispatcherServlet        : GET "/", parameters={}
2026-06-11T13:56:44.459+05:30 DEBUG 11320 --- [playwright-framework] [nio-8080-exec-4] o.s.w.s.handler.SimpleUrlHandlerMapping  : Mapped to ResourceHttpRequestHandler [classpath [META-INF/resources/], classpath [resources/], classpath [static/], classpath [public/], ServletContext [/]]
2026-06-11T13:56:44.461+05:30 DEBUG 11320 --- [playwright-framework] [nio-8080-exec-4] o.s.w.s.r.ResourceHttpRequestHandler     : Ignoring invalid resource path []
2026-06-11T13:56:44.462+05:30 DEBUG 11320 --- [playwright-framework] [nio-8080-exec-4] .w.s.m.s.DefaultHandlerExceptionResolver : Resolved [org.springframework.web.servlet.resource.NoResourceFoundException: No static resource  for request '/'.]
2026-06-11T13:56:44.462+05:30 DEBUG 11320 --- [playwright-framework] [nio-8080-exec-4] o.s.web.servlet.DispatcherServlet        : Completed 404 NOT_FOUND
2026-06-11T13:56:44.463+05:30 DEBUG 11320 --- [playwright-framework] [nio-8080-exec-4] o.s.web.servlet.DispatcherServlet        : "ERROR" dispatch for GET "/error", parameters={}
2026-06-11T13:56:44.464+05:30 DEBUG 11320 --- [playwright-framework] [nio-8080-exec-4] s.w.s.m.m.a.RequestMappingHandlerMapping : Mapped to org.springframework.boot.webmvc.autoconfigure.error.BasicErrorController#errorHtml(HttpServletRequest, HttpServletResponse)
2026-06-11T13:56:44.467+05:30 DEBUG 11320 --- [playwright-framework] [nio-8080-exec-4] o.s.w.s.v.ContentNegotiatingViewResolver : Selected 'text/html' given [text/html, text/html;q=0.8]
2026-06-11T13:56:44.469+05:30 DEBUG 11320 --- [playwright-framework] [nio-8080-exec-4] o.s.web.servlet.DispatcherServlet        : Exiting from "ERROR" dispatch, status 404
2026-06-11T13:56:44.640+05:30 DEBUG 11320 --- [playwright-framework] [nio-8080-exec-5] o.s.web.servlet.DispatcherServlet        : GET "/", parameters={}
2026-06-11T13:56:44.642+05:30 DEBUG 11320 --- [playwright-framework] [nio-8080-exec-5] o.s.w.s.handler.SimpleUrlHandlerMapping  : Mapped to ResourceHttpRequestHandler [classpath [META-INF/resources/], classpath [resources/], classpath [static/], classpath [public/], ServletContext [/]]
2026-06-11T13:56:44.643+05:30 DEBUG 11320 --- [playwright-framework] [nio-8080-exec-5] o.s.w.s.r.ResourceHttpRequestHandler     : Ignoring invalid resource path []
2026-06-11T13:56:44.643+05:30 DEBUG 11320 --- [playwright-framework] [nio-8080-exec-5] .w.s.m.s.DefaultHandlerExceptionResolver : Resolved [org.springframework.web.servlet.resource.NoResourceFoundException: No static resource  for request '/'.]
2026-06-11T13:56:44.644+05:30 DEBUG 11320 --- [playwright-framework] [nio-8080-exec-5] o.s.web.servlet.DispatcherServlet        : Completed 404 NOT_FOUND
2026-06-11T13:56:44.644+05:30 DEBUG 11320 --- [playwright-framework] [nio-8080-exec-5] o.s.web.servlet.DispatcherServlet        : "ERROR" dispatch for GET "/error", parameters={}
2026-06-11T13:56:44.645+05:30 DEBUG 11320 --- [playwright-framework] [nio-8080-exec-5] s.w.s.m.m.a.RequestMappingHandlerMapping : Mapped to org.springframework.boot.webmvc.autoconfigure.error.BasicErrorController#errorHtml(HttpServletRequest, HttpServletResponse)
2026-06-11T13:56:44.649+05:30 DEBUG 11320 --- [playwright-framework] [nio-8080-exec-5] o.s.w.s.v.ContentNegotiatingViewResolver : Selected 'text/html' given [text/html, text/html;q=0.8]
2026-06-11T13:56:44.651+05:30 DEBUG 11320 --- [playwright-framework] [nio-8080-exec-5] o.s.web.servlet.DispatcherServlet        : Exiting from "ERROR" dispatch, status 404
2026-06-11T13:56:44.830+05:30 DEBUG 11320 --- [playwright-framework] [nio-8080-exec-6] o.s.web.servlet.DispatcherServlet        : GET "/", parameters={}
2026-06-11T13:56:44.854+05:30 DEBUG 11320 --- [playwright-framework] [nio-8080-exec-6] o.s.w.s.handler.SimpleUrlHandlerMapping  : Mapped to ResourceHttpRequestHandler [classpath [META-INF/resources/], classpath [resources/], classpath [static/], classpath [public/], ServletContext [/]]
2026-06-11T13:56:44.854+05:30 DEBUG 11320 --- [playwright-framework] [nio-8080-exec-6] o.s.w.s.r.ResourceHttpRequestHandler     : Ignoring invalid resource path []
2026-06-11T13:56:44.855+05:30 DEBUG 11320 --- [playwright-framework] [nio-8080-exec-6] .w.s.m.s.DefaultHandlerExceptionResolver : Resolved [org.springframework.web.servlet.resource.NoResourceFoundException: No static resource  for request '/'.]
2026-06-11T13:56:44.855+05:30 DEBUG 11320 --- [playwright-framework] [nio-8080-exec-6] o.s.web.servlet.DispatcherServlet        : Completed 404 NOT_FOUND
2026-06-11T13:56:44.857+05:30 DEBUG 11320 --- [playwright-framework] [nio-8080-exec-6] o.s.web.servlet.DispatcherServlet        : "ERROR" dispatch for GET "/error", parameters={}
2026-06-11T13:56:44.857+05:30 DEBUG 11320 --- [playwright-framework] [nio-8080-exec-6] s.w.s.m.m.a.RequestMappingHandlerMapping : Mapped to org.springframework.boot.webmvc.autoconfigure.error.BasicErrorController#errorHtml(HttpServletRequest, HttpServletResponse)
2026-06-11T13:56:44.861+05:30 DEBUG 11320 --- [playwright-framework] [nio-8080-exec-6] o.s.w.s.v.ContentNegotiatingViewResolver : Selected 'text/html' given [text/html, text/html;q=0.8]
2026-06-11T13:56:44.863+05:30 DEBUG 11320 --- [playwright-framework] [nio-8080-exec-6] o.s.web.servlet.DispatcherServlet        : Exiting from "ERROR" dispatch, status 404
2026-06-11T13:56:45.017+05:30 DEBUG 11320 --- [playwright-framework] [nio-8080-exec-7] o.s.web.servlet.DispatcherServlet        : GET "/", parameters={}
2026-06-11T13:56:45.041+05:30 DEBUG 11320 --- [playwright-framework] [nio-8080-exec-7] o.s.w.s.handler.SimpleUrlHandlerMapping  : Mapped to ResourceHttpRequestHandler [classpath [META-INF/resources/], classpath [resources/], classpath [static/], classpath [public/], ServletContext [/]]
2026-06-11T13:56:45.042+05:30 DEBUG 11320 --- [playwright-framework] [nio-8080-exec-7] o.s.w.s.r.ResourceHttpRequestHandler     : Ignoring invalid resource path []
2026-06-11T13:56:45.042+05:30 DEBUG 11320 --- [playwright-framework] [nio-8080-exec-7] .w.s.m.s.DefaultHandlerExceptionResolver : Resolved [org.springframework.web.servlet.resource.NoResourceFoundException: No static resource  for request '/'.]
2026-06-11T13:56:45.042+05:30 DEBUG 11320 --- [playwright-framework] [nio-8080-exec-7] o.s.web.servlet.DispatcherServlet        : Completed 404 NOT_FOUND
2026-06-11T13:56:45.043+05:30 DEBUG 11320 --- [playwright-framework] [nio-8080-exec-7] o.s.web.servlet.DispatcherServlet        : "ERROR" dispatch for GET "/error", parameters={}
2026-06-11T13:56:45.043+05:30 DEBUG 11320 --- [playwright-framework] [nio-8080-exec-7] s.w.s.m.m.a.RequestMappingHandlerMapping : Mapped to org.springframework.boot.webmvc.autoconfigure.error.BasicErrorController#errorHtml(HttpServletRequest, HttpServletResponse)
2026-06-11T13:56:45.047+05:30 DEBUG 11320 --- [playwright-framework] [nio-8080-exec-7] o.s.w.s.v.ContentNegotiatingViewResolver : Selected 'text/html' given [text/html, text/html;q=0.8]
2026-06-11T13:56:45.048+05:30 DEBUG 11320 --- [playwright-framework] [nio-8080-exec-7] o.s.web.servlet.DispatcherServlet        : Exiting from "ERROR" dispatch, status 404
2026-06-11T13:56:45.186+05:30 DEBUG 11320 --- [playwright-framework] [nio-8080-exec-8] o.s.web.servlet.DispatcherServlet        : GET "/", parameters={}
2026-06-11T13:56:45.210+05:30 DEBUG 11320 --- [playwright-framework] [nio-8080-exec-8] o.s.w.s.handler.SimpleUrlHandlerMapping  : Mapped to ResourceHttpRequestHandler [classpath [META-INF/resources/], classpath [resources/], classpath [static/], classpath [public/], ServletContext [/]]
2026-06-11T13:56:45.211+05:30 DEBUG 11320 --- [playwright-framework] [nio-8080-exec-8] o.s.w.s.r.ResourceHttpRequestHandler     : Ignoring invalid resource path []
2026-06-11T13:56:45.211+05:30 DEBUG 11320 --- [playwright-framework] [nio-8080-exec-8] .w.s.m.s.DefaultHandlerExceptionResolver : Resolved [org.springframework.web.servlet.resource.NoResourceFoundException: No static resource  for request '/'.]
2026-06-11T13:56:45.212+05:30 DEBUG 11320 --- [playwright-framework] [nio-8080-exec-8] o.s.web.servlet.DispatcherServlet        : Completed 404 NOT_FOUND
2026-06-11T13:56:45.212+05:30 DEBUG 11320 --- [playwright-framework] [nio-8080-exec-8] o.s.web.servlet.DispatcherServlet        : "ERROR" dispatch for GET "/error", parameters={}
2026-06-11T13:56:45.213+05:30 DEBUG 11320 --- [playwright-framework] [nio-8080-exec-8] s.w.s.m.m.a.RequestMappingHandlerMapping : Mapped to org.springframework.boot.webmvc.autoconfigure.error.BasicErrorController#errorHtml(HttpServletRequest, HttpServletResponse)
2026-06-11T13:56:45.216+05:30 DEBUG 11320 --- [playwright-framework] [nio-8080-exec-8] o.s.w.s.v.ContentNegotiatingViewResolver : Selected 'text/html' given [text/html, text/html;q=0.8]
2026-06-11T13:56:45.217+05:30 DEBUG 11320 --- [playwright-framework] [nio-8080-exec-8] o.s.web.servlet.DispatcherServlet        : Exiting from "ERROR" dispatch, status 404
2026-06-11T13:56:45.376+05:30 DEBUG 11320 --- [playwright-framework] [nio-8080-exec-9] o.s.web.servlet.DispatcherServlet        : GET "/", parameters={}
2026-06-11T13:56:45.398+05:30 DEBUG 11320 --- [playwright-framework] [nio-8080-exec-9] o.s.w.s.handler.SimpleUrlHandlerMapping  : Mapped to ResourceHttpRequestHandler [classpath [META-INF/resources/], classpath [resources/], classpath [static/], classpath [public/], ServletContext [/]]
2026-06-11T13:56:45.398+05:30 DEBUG 11320 --- [playwright-framework] [nio-8080-exec-9] o.s.w.s.r.ResourceHttpRequestHandler     : Ignoring invalid resource path []
2026-06-11T13:56:45.401+05:30 DEBUG 11320 --- [playwright-framework] [nio-8080-exec-9] .w.s.m.s.DefaultHandlerExceptionResolver : Resolved [org.springframework.web.servlet.resource.NoResourceFoundException: No static resource  for request '/'.]
2026-06-11T13:56:45.402+05:30 DEBUG 11320 --- [playwright-framework] [nio-8080-exec-9] o.s.web.servlet.DispatcherServlet        : Completed 404 NOT_FOUND
2026-06-11T13:56:45.402+05:30 DEBUG 11320 --- [playwright-framework] [nio-8080-exec-9] o.s.web.servlet.DispatcherServlet        : "ERROR" dispatch for GET "/error", parameters={}
2026-06-11T13:56:45.403+05:30 DEBUG 11320 --- [playwright-framework] [nio-8080-exec-9] s.w.s.m.m.a.RequestMappingHandlerMapping : Mapped to org.springframework.boot.webmvc.autoconfigure.error.BasicErrorController#errorHtml(HttpServletRequest, HttpServletResponse)
2026-06-11T13:56:45.406+05:30 DEBUG 11320 --- [playwright-framework] [nio-8080-exec-9] o.s.w.s.v.ContentNegotiatingViewResolver : Selected 'text/html' given [text/html, text/html;q=0.8]
2026-06-11T13:56:45.407+05:30 DEBUG 11320 --- [playwright-framework] [nio-8080-exec-9] o.s.web.servlet.DispatcherServlet        : Exiting from "ERROR" dispatch, status 404
2026-06-11T13:56:45.586+05:30 DEBUG 11320 --- [playwright-framework] [io-8080-exec-10] o.s.web.servlet.DispatcherServlet        : GET "/", parameters={}
2026-06-11T13:56:45.587+05:30 DEBUG 11320 --- [playwright-framework] [io-8080-exec-10] o.s.w.s.handler.SimpleUrlHandlerMapping  : Mapped to ResourceHttpRequestHandler [classpath [META-INF/resources/], classpath [resources/], classpath [static/], classpath [public/], ServletContext [/]]
2026-06-11T13:56:45.588+05:30 DEBUG 11320 --- [playwright-framework] [io-8080-exec-10] o.s.w.s.r.ResourceHttpRequestHandler     : Ignoring invalid resource path []
2026-06-11T13:56:45.589+05:30 DEBUG 11320 --- [playwright-framework] [io-8080-exec-10] .w.s.m.s.DefaultHandlerExceptionResolver : Resolved [org.springframework.web.servlet.resource.NoResourceFoundException: No static resource  for request '/'.]
2026-06-11T13:56:45.589+05:30 DEBUG 11320 --- [playwright-framework] [io-8080-exec-10] o.s.web.servlet.DispatcherServlet        : Completed 404 NOT_FOUND
2026-06-11T13:56:45.590+05:30 DEBUG 11320 --- [playwright-framework] [io-8080-exec-10] o.s.web.servlet.DispatcherServlet        : "ERROR" dispatch for GET "/error", parameters={}
2026-06-11T13:56:45.590+05:30 DEBUG 11320 --- [playwright-framework] [io-8080-exec-10] s.w.s.m.m.a.RequestMappingHandlerMapping : Mapped to org.springframework.boot.webmvc.autoconfigure.error.BasicErrorController#errorHtml(HttpServletRequest, HttpServletResponse)
2026-06-11T13:56:45.593+05:30 DEBUG 11320 --- [playwright-framework] [io-8080-exec-10] o.s.w.s.v.ContentNegotiatingViewResolver : Selected 'text/html' given [text/html, text/html;q=0.8]
2026-06-11T13:56:45.594+05:30 DEBUG 11320 --- [playwright-framework] [io-8080-exec-10] o.s.web.servlet.DispatcherServlet        : Exiting from "ERROR" dispatch, status 404
2026-06-11T13:56:46.015+05:30 DEBUG 11320 --- [playwright-framework] [nio-8080-exec-1] o.s.web.servlet.DispatcherServlet        : GET "/", parameters={}
2026-06-11T13:56:46.040+05:30 DEBUG 11320 --- [playwright-framework] [nio-8080-exec-1] o.s.w.s.handler.SimpleUrlHandlerMapping  : Mapped to ResourceHttpRequestHandler [classpath [META-INF/resources/], classpath [resources/], classpath [static/], classpath [public/], ServletContext [/]]
2026-06-11T13:56:46.040+05:30 DEBUG 11320 --- [playwright-framework] [nio-8080-exec-1] o.s.w.s.r.ResourceHttpRequestHandler     : Ignoring invalid resource path []
2026-06-11T13:56:46.042+05:30 DEBUG 11320 --- [playwright-framework] [nio-8080-exec-1] .w.s.m.s.DefaultHandlerExceptionResolver : Resolved [org.springframework.web.servlet.resource.NoResourceFoundException: No static resource  for request '/'.]
2026-06-11T13:56:46.042+05:30 DEBUG 11320 --- [playwright-framework] [nio-8080-exec-1] o.s.web.servlet.DispatcherServlet        : Completed 404 NOT_FOUND
2026-06-11T13:56:46.042+05:30 DEBUG 11320 --- [playwright-framework] [nio-8080-exec-1] o.s.web.servlet.DispatcherServlet        : "ERROR" dispatch for GET "/error", parameters={}
2026-06-11T13:56:46.043+05:30 DEBUG 11320 --- [playwright-framework] [nio-8080-exec-1] s.w.s.m.m.a.RequestMappingHandlerMapping : Mapped to org.springframework.boot.webmvc.autoconfigure.error.BasicErrorController#errorHtml(HttpServletRequest, HttpServletResponse)
2026-06-11T13:56:46.046+05:30 DEBUG 11320 --- [playwright-framework] [nio-8080-exec-1] o.s.w.s.v.ContentNegotiatingViewResolver : Selected 'text/html' given [text/html, text/html;q=0.8]
2026-06-11T13:56:46.047+05:30 DEBUG 11320 --- [playwright-framework] [nio-8080-exec-1] o.s.web.servlet.DispatcherServlet        : Exiting from "ERROR" dispatch, status 404
2026-06-11T13:56:46.208+05:30 DEBUG 11320 --- [playwright-framework] [nio-8080-exec-2] o.s.web.servlet.DispatcherServlet        : GET "/", parameters={}
2026-06-11T13:56:46.232+05:30 DEBUG 11320 --- [playwright-framework] [nio-8080-exec-2] o.s.w.s.handler.SimpleUrlHandlerMapping  : Mapped to ResourceHttpRequestHandler [classpath [META-INF/resources/], classpath [resources/], classpath [static/], classpath [public/], ServletContext [/]]
2026-06-11T13:56:46.232+05:30 DEBUG 11320 --- [playwright-framework] [nio-8080-exec-2] o.s.w.s.r.ResourceHttpRequestHandler     : Ignoring invalid resource path []
2026-06-11T13:56:46.233+05:30 DEBUG 11320 --- [playwright-framework] [nio-8080-exec-2] .w.s.m.s.DefaultHandlerExceptionResolver : Resolved [org.springframework.web.servlet.resource.NoResourceFoundException: No static resource  for request '/'.]
2026-06-11T13:56:46.233+05:30 DEBUG 11320 --- [playwright-framework] [nio-8080-exec-2] o.s.web.servlet.DispatcherServlet        : Completed 404 NOT_FOUND
2026-06-11T13:56:46.234+05:30 DEBUG 11320 --- [playwright-framework] [nio-8080-exec-2] o.s.web.servlet.DispatcherServlet        : "ERROR" dispatch for GET "/error", parameters={}
2026-06-11T13:56:46.235+05:30 DEBUG 11320 --- [playwright-framework] [nio-8080-exec-2] s.w.s.m.m.a.RequestMappingHandlerMapping : Mapped to org.springframework.boot.webmvc.autoconfigure.error.BasicErrorController#errorHtml(HttpServletRequest, HttpServletResponse)
2026-06-11T13:56:46.237+05:30 DEBUG 11320 --- [playwright-framework] [nio-8080-exec-2] o.s.w.s.v.ContentNegotiatingViewResolver : Selected 'text/html' given [text/html, text/html;q=0.8]
2026-06-11T13:56:46.239+05:30 DEBUG 11320 --- [playwright-framework] [nio-8080-exec-2] o.s.web.servlet.DispatcherServlet        : Exiting from "ERROR" dispatch, status 404
2026-06-11T13:56:46.410+05:30 DEBUG 11320 --- [playwright-framework] [nio-8080-exec-3] o.s.web.servlet.DispatcherServlet        : GET "/", parameters={}
2026-06-11T13:56:46.434+05:30 DEBUG 11320 --- [playwright-framework] [nio-8080-exec-3] o.s.w.s.handler.SimpleUrlHandlerMapping  : Mapped to ResourceHttpRequestHandler [classpath [META-INF/resources/], classpath [resources/], classpath [static/], classpath [public/], ServletContext [/]]
2026-06-11T13:56:46.434+05:30 DEBUG 11320 --- [playwright-framework] [nio-8080-exec-3] o.s.w.s.r.ResourceHttpRequestHandler     : Ignoring invalid resource path []
2026-06-11T13:56:46.435+05:30 DEBUG 11320 --- [playwright-framework] [nio-8080-exec-3] .w.s.m.s.DefaultHandlerExceptionResolver : Resolved [org.springframework.web.servlet.resource.NoResourceFoundException: No static resource  for request '/'.]
2026-06-11T13:56:46.436+05:30 DEBUG 11320 --- [playwright-framework] [nio-8080-exec-3] o.s.web.servlet.DispatcherServlet        : Completed 404 NOT_FOUND
2026-06-11T13:56:46.437+05:30 DEBUG 11320 --- [playwright-framework] [nio-8080-exec-3] o.s.web.servlet.DispatcherServlet        : "ERROR" dispatch for GET "/error", parameters={}
2026-06-11T13:56:46.439+05:30 DEBUG 11320 --- [playwright-framework] [nio-8080-exec-3] s.w.s.m.m.a.RequestMappingHandlerMapping : Mapped to org.springframework.boot.webmvc.autoconfigure.error.BasicErrorController#errorHtml(HttpServletRequest, HttpServletResponse)
2026-06-11T13:56:46.443+05:30 DEBUG 11320 --- [playwright-framework] [nio-8080-exec-3] o.s.w.s.v.ContentNegotiatingViewResolver : Selected 'text/html' given [text/html, text/html;q=0.8]
2026-06-11T13:56:46.444+05:30 DEBUG 11320 --- [playwright-framework] [nio-8080-exec-3] o.s.web.servlet.DispatcherServlet        : Exiting from "ERROR" dispatch, status 404
2026-06-11T13:56:46.617+05:30 DEBUG 11320 --- [playwright-framework] [nio-8080-exec-4] o.s.web.servlet.DispatcherServlet        : GET "/", parameters={}
2026-06-11T13:56:46.640+05:30 DEBUG 11320 --- [playwright-framework] [nio-8080-exec-4] o.s.w.s.handler.SimpleUrlHandlerMapping  : Mapped to ResourceHttpRequestHandler [classpath [META-INF/resources/], classpath [resources/], classpath [static/], classpath [public/], ServletContext [/]]
2026-06-11T13:56:46.641+05:30 DEBUG 11320 --- [playwright-framework] [nio-8080-exec-4] o.s.w.s.r.ResourceHttpRequestHandler     : Ignoring invalid resource path []
2026-06-11T13:56:46.642+05:30 DEBUG 11320 --- [playwright-framework] [nio-8080-exec-4] .w.s.m.s.DefaultHandlerExceptionResolver : Resolved [org.springframework.web.servlet.resource.NoResourceFoundException: No static resource  for request '/'.]
2026-06-11T13:56:46.642+05:30 DEBUG 11320 --- [playwright-framework] [nio-8080-exec-4] o.s.web.servlet.DispatcherServlet        : Completed 404 NOT_FOUND
2026-06-11T13:56:46.642+05:30 DEBUG 11320 --- [playwright-framework] [nio-8080-exec-4] o.s.web.servlet.DispatcherServlet        : "ERROR" dispatch for GET "/error", parameters={}
2026-06-11T13:56:46.643+05:30 DEBUG 11320 --- [playwright-framework] [nio-8080-exec-4] s.w.s.m.m.a.RequestMappingHandlerMapping : Mapped to org.springframework.boot.webmvc.autoconfigure.error.BasicErrorController#errorHtml(HttpServletRequest, HttpServletResponse)
2026-06-11T13:56:46.646+05:30 DEBUG 11320 --- [playwright-framework] [nio-8080-exec-4] o.s.w.s.v.ContentNegotiatingViewResolver : Selected 'text/html' given [text/html, text/html;q=0.8]
2026-06-11T13:56:46.647+05:30 DEBUG 11320 --- [playwright-framework] [nio-8080-exec-4] o.s.web.servlet.DispatcherServlet        : Exiting from "ERROR" dispatch, status 404
2026-06-11T13:56:46.819+05:30 DEBUG 11320 --- [playwright-framework] [nio-8080-exec-5] o.s.web.servlet.DispatcherServlet        : GET "/", parameters={}
2026-06-11T13:56:46.844+05:30 DEBUG 11320 --- [playwright-framework] [nio-8080-exec-5] o.s.w.s.handler.SimpleUrlHandlerMapping  : Mapped to ResourceHttpRequestHandler [classpath [META-INF/resources/], classpath [resources/], classpath [static/], classpath [public/], ServletContext [/]]
2026-06-11T13:56:46.844+05:30 DEBUG 11320 --- [playwright-framework] [nio-8080-exec-5] o.s.w.s.r.ResourceHttpRequestHandler     : Ignoring invalid resource path []
2026-06-11T13:56:46.844+05:30 DEBUG 11320 --- [playwright-framework] [nio-8080-exec-5] .w.s.m.s.DefaultHandlerExceptionResolver : Resolved [org.springframework.web.servlet.resource.NoResourceFoundException: No static resource  for request '/'.]
2026-06-11T13:56:46.844+05:30 DEBUG 11320 --- [playwright-framework] [nio-8080-exec-5] o.s.web.servlet.DispatcherServlet        : Completed 404 NOT_FOUND
2026-06-11T13:56:46.845+05:30 DEBUG 11320 --- [playwright-framework] [nio-8080-exec-5] o.s.web.servlet.DispatcherServlet        : "ERROR" dispatch for GET "/error", parameters={}
2026-06-11T13:56:46.846+05:30 DEBUG 11320 --- [playwright-framework] [nio-8080-exec-5] s.w.s.m.m.a.RequestMappingHandlerMapping : Mapped to org.springframework.boot.webmvc.autoconfigure.error.BasicErrorController#errorHtml(HttpServletRequest, HttpServletResponse)
2026-06-11T13:56:46.849+05:30 DEBUG 11320 --- [playwright-framework] [nio-8080-exec-5] o.s.w.s.v.ContentNegotiatingViewResolver : Selected 'text/html' given [text/html, text/html;q=0.8]
2026-06-11T13:56:46.850+05:30 DEBUG 11320 --- [playwright-framework] [nio-8080-exec-5] o.s.web.servlet.DispatcherServlet        : Exiting from "ERROR" dispatch, status 404
2026-06-11T13:56:47.032+05:30 DEBUG 11320 --- [playwright-framework] [nio-8080-exec-6] o.s.web.servlet.DispatcherServlet        : GET "/", parameters={}
2026-06-11T13:56:47.055+05:30 DEBUG 11320 --- [playwright-framework] [nio-8080-exec-6] o.s.w.s.handler.SimpleUrlHandlerMapping  : Mapped to ResourceHttpRequestHandler [classpath [META-INF/resources/], classpath [resources/], classpath [static/], classpath [public/], ServletContext [/]]
2026-06-11T13:56:47.056+05:30 DEBUG 11320 --- [playwright-framework] [nio-8080-exec-6] o.s.w.s.r.ResourceHttpRequestHandler     : Ignoring invalid resource path []
2026-06-11T13:56:47.056+05:30 DEBUG 11320 --- [playwright-framework] [nio-8080-exec-6] .w.s.m.s.DefaultHandlerExceptionResolver : Resolved [org.springframework.web.servlet.resource.NoResourceFoundException: No static resource  for request '/'.]
2026-06-11T13:56:47.057+05:30 DEBUG 11320 --- [playwright-framework] [nio-8080-exec-6] o.s.web.servlet.DispatcherServlet        : Completed 404 NOT_FOUND
2026-06-11T13:56:47.057+05:30 DEBUG 11320 --- [playwright-framework] [nio-8080-exec-6] o.s.web.servlet.DispatcherServlet        : "ERROR" dispatch for GET "/error", parameters={}
2026-06-11T13:56:47.058+05:30 DEBUG 11320 --- [playwright-framework] [nio-8080-exec-6] s.w.s.m.m.a.RequestMappingHandlerMapping : Mapped to org.springframework.boot.webmvc.autoconfigure.error.BasicErrorController#errorHtml(HttpServletRequest, HttpServletResponse)
2026-06-11T13:56:47.061+05:30 DEBUG 11320 --- [playwright-framework] [nio-8080-exec-6] o.s.w.s.v.ContentNegotiatingViewResolver : Selected 'text/html' given [text/html, text/html;q=0.8]
2026-06-11T13:56:47.062+05:30 DEBUG 11320 --- [playwright-framework] [nio-8080-exec-6] o.s.web.servlet.DispatcherServlet        : Exiting from "ERROR" dispatch, status 404
